Intron File Name,Time in Minutes,Nucleus Index,Nucleus Centroid X,Nucleus Centroid Y,Nucleus Major Axis Length,Nucleus Major Axis Angle,Total Marker Object Count,Marker Object Index,Marker Centroid X,Marker Centroid Y,Marker Distance to Nucleus Centroid,Marker Distance to Nucleus Boundary,Marker Angle from Nucleus Major Axis
/home/bl6/Mancini/Data/MCF-7 time course/20151026_1hr_Greb_EI_1_R3D_D3D_PRJ_w676.tif,60,1,210.926602,615.483152,125.717938,58.133168,3,1,170.923077,595.461538,44.734182,9.083881,148.454624
/home/bl6/Mancini/Data/MCF-7 time course/20151026_1hr_Greb_EI_1_R3D_D3D_PRJ_w676.tif,60,1,210.926602,615.483152,125.717938,58.133168,3,2,196.882353,641.058824,29.178004,13.780541,60.639136
/home/bl6/Mancini/Data/MCF-7 time course/20151026_1hr_Greb_EI_1_R3D_D3D_PRJ_w676.tif,60,1,210.926602,615.483152,125.717938,58.133168,3,3,223.571429,638.000000,25.824409,36.926231,2.549495
/home/bl6/Mancini/Data/MCF-7 time course/20151026_1hr_Greb_EI_1_R3D_D3D_PRJ_w676.tif,60,2,332.831795,512.462929,131.034347,-79.873915,2,1,307.500000,466.800000,52.218798,5.410326,320.854319
/home/bl6/Mancini/Data/MCF-7 time course/20151026_1hr_Greb_EI_1_R3D_D3D_PRJ_w676.tif,60,2,332.831795,512.462929,131.034347,-79.873915,2,2,351.538462,463.384615,52.522569,10.002173,10.738737
/home/bl6/Mancini/Data/MCF-7 time course/20151026_1hr_Greb_EI_1_R3D_D3D_PRJ_w676.tif,60,3,373.757625,374.527126,133.843192,29.101860,1,1,346.523810,348.761905,37.490363,29.904588,194.310891
/home/bl6/Mancini/Data/MCF-7 time course/20151026_1hr_Greb_EI_1_R3D_D3D_PRJ_w676.tif,60,4,415.825249,709.846791,111.610931,12.559991,4,1,368.600000,710.500000,47.229766,7.607610,166.647557
/home/bl6/Mancini/Data/MCF-7 time course/20151026_1hr_Greb_EI_1_R3D_D3D_PRJ_w676.tif,60,4,415.825249,709.846791,111.610931,12.559991,4,2,410.315789,734.684211,25.441139,13.719458,89.946904
/home/bl6/Mancini/Data/MCF-7 time course/20151026_1hr_Greb_EI_1_R3D_D3D_PRJ_w676.tif,60,4,415.825249,709.846791,111.610931,12.559991,4,3,425.833333,741.666667,33.356652,7.645767,59.980445
/home/bl6/Mancini/Data/MCF-7 time course/20151026_1hr_Greb_EI_1_R3D_D3D_PRJ_w676.tif,60,4,415.825249,709.846791,111.610931,12.559991,4,4,461.280000,710.560000,45.460346,9.726455,348.338936
/home/bl6/Mancini/Data/MCF-7 time course/20151026_1hr_Greb_EI_1_R3D_D3D_PRJ_w676.tif,60,5,426.448864,266.491302,124.843903,49.607487,3,1,386.315789,230.105263,54.172018,7.367623,172.589056
/home/bl6/Mancini/Data/MCF-7 time course/20151026_1hr_Greb_EI_1_R3D_D3D_PRJ_w676.tif,60,5,426.448864,266.491302,124.843903,49.607487,3,2,402.200000,233.500000,40.944272,21.918984,184.076336
/home/bl6/Mancini/Data/MCF-7 time course/20151026_1hr_Greb_EI_1_R3D_D3D_PRJ_w676.tif,60,5,426.448864,266.491302,124.843903,49.607487,3,3,443.550000,236.850000,34.220690,11.255861,250.374710
/home/bl6/Mancini/Data/MCF-7 time course/20151026_1hr_Greb_EI_1_R3D_D3D_PRJ_w676.tif,60,6,435.798053,472.459469,92.784697,30.808552,2,1,423.736842,441.842105,32.907382,8.300787,217.690297
/home/bl6/Mancini/Data/MCF-7 time course/20151026_1hr_Greb_EI_1_R3D_D3D_PRJ_w676.tif,60,6,435.798053,472.459469,92.784697,30.808552,2,2,462.619048,451.000000,34.349302,4.514862,290.528157
/home/bl6/Mancini/Data/MCF-7 time course/20151026_1hr_Greb_EI_1_R3D_D3D_PRJ_w676.tif,60,7,462.332668,619.611120,102.215459,30.902151,4,1,423.666667,599.750000,43.468652,8.533281,176.285533
/home/bl6/Mancini/Data/MCF-7 time course/20151026_1hr_Greb_EI_1_R3D_D3D_PRJ_w676.tif,60,7,462.332668,619.611120,102.215459,30.902151,4,2,423.800000,627.500000,39.331933,6.962795,137.527445
/home/bl6/Mancini/Data/MCF-7 time course/20151026_1hr_Greb_EI_1_R3D_D3D_PRJ_w676.tif,60,7,462.332668,619.611120,102.215459,30.902151,4,3,447.066667,646.066667,30.544177,6.673108,89.084665
/home/bl6/Mancini/Data/MCF-7 time course/20151026_1hr_Greb_EI_1_R3D_D3D_PRJ_w676.tif,60,7,462.332668,619.611120,102.215459,30.902151,4,4,483.272727,654.136364,40.379185,9.175120,27.860432
/home/bl6/Mancini/Data/MCF-7 time course/20151026_1hr_Greb_EI_1_R3D_D3D_PRJ_w676.tif,60,8,519.683195,541.781918,95.900991,78.555972,3,1,504.588235,539.588235,15.253526,29.941411,109.712681
/home/bl6/Mancini/Data/MCF-7 time course/20151026_1hr_Greb_EI_1_R3D_D3D_PRJ_w676.tif,60,8,519.683195,541.781918,95.900991,78.555972,3,2,536.607143,526.821429,22.588410,22.099084,239.967880
/home/bl6/Mancini/Data/MCF-7 time course/20151026_1hr_Greb_EI_1_R3D_D3D_PRJ_w676.tif,60,8,519.683195,541.781918,95.900991,78.555972,3,3,549.187500,536.375000,29.995646,13.030744,271.059313
/home/bl6/Mancini/Data/MCF-7 time course/20151026_1hr_Greb_EI_1_R3D_D3D_PRJ_w676.tif,60,10,765.122986,788.060241,166.300932,-3.156264,2,1,829.722222,783.666667,64.748473,19.347186,359.265410
/home/bl6/Mancini/Data/MCF-7 time course/20151026_1hr_Greb_EI_1_R3D_D3D_PRJ_w676.tif,60,10,765.122986,788.060241,166.300932,-3.156264,2,2,835.090909,804.636364,71.904646,5.091472,16.484495
/home/bl6/Mancini/Data/MCF-7 time course/20151026_1hr_Greb_EI_2_R3D_D3D_PRJ_w676.tif,60,1,196.025701,717.466533,133.958949,29.818100,2,1,143.846154,695.884615,56.466665,9.659581,172.652315
/home/bl6/Mancini/Data/MCF-7 time course/20151026_1hr_Greb_EI_2_R3D_D3D_PRJ_w676.tif,60,1,196.025701,717.466533,133.958949,29.818100,2,2,148.842105,680.263158,60.086461,5.037747,188.437012
/home/bl6/Mancini/Data/MCF-7 time course/20151026_1hr_Greb_EI_2_R3D_D3D_PRJ_w676.tif,60,2,321.760980,579.797088,112.111552,-2.486101,3,1,298.830189,612.849057,40.227526,8.628857,127.238237
/home/bl6/Mancini/Data/MCF-7 time course/20151026_1hr_Greb_EI_2_R3D_D3D_PRJ_w676.tif,60,2,321.760980,579.797088,112.111552,-2.486101,3,2,308.500000,558.833333,24.805898,24.824199,240.170005
/home/bl6/Mancini/Data/MCF-7 time course/20151026_1hr_Greb_EI_2_R3D_D3D_PRJ_w676.tif,60,2,321.760980,579.797088,112.111552,-2.486101,3,3,323.782609,536.173913,43.669994,3.180627,275.139461
/home/bl6/Mancini/Data/MCF-7 time course/20151026_1hr_Greb_EI_2_R3D_D3D_PRJ_w676.tif,60,3,431.358153,690.929041,114.070154,2.214839,2,1,450.615385,694.615385,19.606889,38.106757,8.621989
/home/bl6/Mancini/Data/MCF-7 time course/20151026_1hr_Greb_EI_2_R3D_D3D_PRJ_w676.tif,60,3,431.358153,690.929041,114.070154,2.214839,2,2,458.037037,668.740741,34.699907,10.432642,318.035533
/home/bl6/Mancini/Data/MCF-7 time course/20151026_1hr_Greb_EI_3_R3D_D3D_PRJ_w676.tif,60,1,184.162815,463.514220,87.931792,-16.901572,1,1,192.179487,435.410256,29.224985,11.748398,302.822401
/home/bl6/Mancini/Data/MCF-7 time course/20151026_1hr_Greb_EI_3_R3D_D3D_PRJ_w676.tif,60,2,254.482364,398.183010,92.086915,34.324920,2,1,238.592593,389.407407,18.152026,25.775326,174.586072
/home/bl6/Mancini/Data/MCF-7 time course/20151026_1hr_Greb_EI_3_R3D_D3D_PRJ_w676.tif,60,2,254.482364,398.183010,92.086915,34.324920,2,2,252.733333,406.066667,8.075342,27.536574,68.183849
/home/bl6/Mancini/Data/MCF-7 time course/20151026_1hr_Greb_EI_3_R3D_D3D_PRJ_w676.tif,60,3,314.676714,295.441221,94.254973,-72.487535,1,1,318.363636,325.181818,29.968259,14.907371,155.420671
/home/bl6/Mancini/Data/MCF-7 time course/20151026_1hr_Greb_EI_3_R3D_D3D_PRJ_w676.tif,60,4,407.803582,389.225139,126.372465,-50.118881,4,1,362.066667,396.133333,46.255687,7.117216,221.529737
/home/bl6/Mancini/Data/MCF-7 time course/20151026_1hr_Greb_EI_3_R3D_D3D_PRJ_w676.tif,60,4,407.803582,389.225139,126.372465,-50.118881,4,2,408.705882,417.882353,28.671415,27.146676,138.315464
/home/bl6/Mancini/Data/MCF-7 time course/20151026_1hr_Greb_EI_3_R3D_D3D_PRJ_w676.tif,60,4,407.803582,389.225139,126.372465,-50.118881,4,3,427.400000,341.700000,51.406793,9.415407,342.527093
/home/bl6/Mancini/Data/MCF-7 time course/20151026_1hr_Greb_EI_3_R3D_D3D_PRJ_w676.tif,60,4,407.803582,389.225139,126.372465,-50.118881,4,4,443.368421,393.105263,35.775873,17.733078,56.345226
/home/bl6/Mancini/Data/MCF-7 time course/20151026_1hr_Greb_EI_3_R3D_D3D_PRJ_w676.tif,60,6,709.222755,493.404508,91.443972,-84.545255,1,1,702.500000,532.750000,39.915700,6.415310,184.241444
/home/bl6/Mancini/Data/MCF-7 time course/20151026_1hr_Greb_EI_3_R3D_D3D_PRJ_w676.tif,60,8,756.846198,799.587735,94.047860,1.751253,2,1,754.000000,809.230769,10.054301,21.618418,104.693023
/home/bl6/Mancini/Data/MCF-7 time course/20151026_1hr_Greb_EI_3_R3D_D3D_PRJ_w676.tif,60,8,756.846198,799.587735,94.047860,1.751253,2,2,790.202703,815.094595,36.784767,8.717666,23.181646
/home/bl6/Mancini/Data/MCF-7 time course/20151026_1hr_Greb_EI_4_R3D_D3D_PRJ_w676.tif,60,1,102.731303,399.710624,105.042848,88.323950,2,1,92.187500,416.625000,19.931580,32.323314,33.613953
/home/bl6/Mancini/Data/MCF-7 time course/20151026_1hr_Greb_EI_4_R3D_D3D_PRJ_w676.tif,60,1,102.731303,399.710624,105.042848,88.323950,2,2,140.250000,389.500000,38.883280,9.099553,256.451848
/home/bl6/Mancini/Data/MCF-7 time course/20151026_1hr_Greb_EI_4_R3D_D3D_PRJ_w676.tif,60,2,650.760745,475.200049,124.811858,-64.988816,3,1,655.500000,489.550000,15.112301,33.156430,136.712350
/home/bl6/Mancini/Data/MCF-7 time course/20151026_1hr_Greb_EI_4_R3D_D3D_PRJ_w676.tif,60,2,650.760745,475.200049,124.811858,-64.988816,3,2,663.857143,423.761905,53.079170,8.050861,349.273105
/home/bl6/Mancini/Data/MCF-7 time course/20151026_1hr_Greb_EI_4_R3D_D3D_PRJ_w676.tif,60,2,650.760745,475.200049,124.811858,-64.988816,3,3,682.069767,438.232558,48.444300,7.943001,15.251211
/home/bl6/Mancini/Data/MCF-7 time course/20151026_1hr_Greb_EI_4_R3D_D3D_PRJ_w676.tif,60,3,669.002653,571.762855,117.273185,-24.030561,2,1,623.130435,596.739130,52.230975,6.943448,175.463375
/home/bl6/Mancini/Data/MCF-7 time course/20151026_1hr_Greb_EI_4_R3D_D3D_PRJ_w676.tif,60,3,669.002653,571.762855,117.273185,-24.030561,2,2,664.153846,602.576923,31.193232,11.620476,122.973120
/home/bl6/Mancini/Data/MCF-7 time course/20151026_1hr_Greb_EI_4_R3D_D3D_PRJ_w676.tif,60,5,845.633645,612.658452,92.913939,8.152816,1,1,814.636364,605.909091,31.723577,15.899763,184.131057
/home/bl6/Mancini/Data/MCF-7 time course/20151026_1hr_Greb_EI_5_R3D_D3D_PRJ_w676.tif,60,1,466.052772,97.561221,107.168092,39.776441,1,1,492.476190,131.238095,42.805711,13.728472,12.105256
/home/bl6/Mancini/Data/MCF-7 time course/20151026_1hr_Greb_EI_5_R3D_D3D_PRJ_w676.tif,60,2,523.990962,517.056897,118.088950,-7.516863,1,1,556.411765,488.882353,42.952455,3.189173,326.525350
/home/bl6/Mancini/Data/MCF-7 time course/20151026_1hr_Greb_EI_5_R3D_D3D_PRJ_w676.tif,60,3,570.394134,114.433799,96.208108,-68.988293,3,1,559.625000,152.562500,39.620350,8.833896,174.760184
/home/bl6/Mancini/Data/MCF-7 time course/20151026_1hr_Greb_EI_5_R3D_D3D_PRJ_w676.tif,60,3,570.394134,114.433799,96.208108,-68.988293,3,2,562.666667,105.761905,11.615313,32.902481,297.284273
/home/bl6/Mancini/Data/MCF-7 time course/20151026_1hr_Greb_EI_5_R3D_D3D_PRJ_w676.tif,60,3,570.394134,114.433799,96.208108,-68.988293,3,3,600.178571,106.357143,30.860089,16.410350,53.816237
/home/bl6/Mancini/Data/MCF-7 time course/20151026_1hr_Greb_EI_5_R3D_D3D_PRJ_w676.tif,60,4,667.118402,327.917155,97.416631,-16.976912,3,1,634.714286,317.571429,34.015596,11.293164,214.683739
/home/bl6/Mancini/Data/MCF-7 time course/20151026_1hr_Greb_EI_5_R3D_D3D_PRJ_w676.tif,60,4,667.118402,327.917155,97.416631,-16.976912,3,2,688.000000,302.384615,32.984114,10.922116,326.254674
/home/bl6/Mancini/Data/MCF-7 time course/20151026_1hr_Greb_EI_5_R3D_D3D_PRJ_w676.tif,60,4,667.118402,327.917155,97.416631,-16.976912,3,3,692.480000,317.440000,27.440507,23.113850,354.530853
/home/bl6/Mancini/Data/MCF-7 time course/20151026_1hr_Greb_EI_5_R3D_D3D_PRJ_w676.tif,60,5,661.110841,642.107965,82.036577,80.617276,3,1,652.208333,665.875000,25.379650,12.832029,29.917354
/home/bl6/Mancini/Data/MCF-7 time course/20151026_1hr_Greb_EI_5_R3D_D3D_PRJ_w676.tif,60,5,661.110841,642.107965,82.036577,80.617276,3,2,658.857143,614.285714,27.913380,11.318116,184.751680
/home/bl6/Mancini/Data/MCF-7 time course/20151026_1hr_Greb_EI_5_R3D_D3D_PRJ_w676.tif,60,5,661.110841,642.107965,82.036577,80.617276,3,3,683.291667,619.500000,31.671898,5.095947,233.836326
/home/bl6/Mancini/Data/MCF-7 time course/20151026_1hr_Greb_EI_6_R3D_D3D_PRJ_w676.tif,60,1,121.290384,355.635542,109.567331,-63.529653,2,1,155.818182,314.636364,53.601320,2.013122,13.632338
/home/bl6/Mancini/Data/MCF-7 time course/20151026_1hr_Greb_EI_6_R3D_D3D_PRJ_w676.tif,60,1,121.290384,355.635542,109.567331,-63.529653,2,2,160.800000,342.000000,41.796385,10.948836,44.489096
/home/bl6/Mancini/Data/MCF-7 time course/20151026_1hr_Greb_EI_6_R3D_D3D_PRJ_w676.tif,60,2,398.858218,708.604262,122.331517,-32.714039,1,1,379.538462,690.615385,26.397968,12.852300,255.671041
/home/bl6/Mancini/Data/MCF-7 time course/20151026_1hr_Greb_EI_6_R3D_D3D_PRJ_w676.tif,60,3,388.839631,287.023579,89.185201,17.644298,1,1,420.454545,308.818182,38.399316,5.548310,16.937199
/home/bl6/Mancini/Data/MCF-7 time course/20151026_1hr_Greb_EI_6_R3D_D3D_PRJ_w676.tif,60,6,687.811737,219.013459,106.775465,-45.359627,1,1,681.772727,216.454545,6.558786,31.352439,248.323486
/home/bl6/Mancini/Data/MCF-7 time course/20151026_1hr_Greb_EI_7_R3D_D3D_PRJ_w676.tif,60,1,259.117296,154.199205,89.089842,2.401376,2,1,228.266667,163.933333,32.349878,10.713940,160.086863
/home/bl6/Mancini/Data/MCF-7 time course/20151026_1hr_Greb_EI_7_R3D_D3D_PRJ_w676.tif,60,1,259.117296,154.199205,89.089842,2.401376,2,2,292.615385,167.384615,35.999680,10.056731,19.084056
/home/bl6/Mancini/Data/MCF-7 time course/20151026_1hr_Greb_EI_7_R3D_D3D_PRJ_w676.tif,60,2,439.524423,218.602254,87.692645,-43.887951,1,1,450.833333,244.083333,27.877892,7.606700,109.955537
/home/bl6/Mancini/Data/MCF-7 time course/20151026_1hr_Greb_EI_7_R3D_D3D_PRJ_w676.tif,60,3,527.659237,708.784837,106.230881,75.462832,1,1,495.705882,728.411765,37.499775,3.136979,72.977389
/home/bl6/Mancini/Data/MCF-7 time course/20151026_1hr_Greb_EI_7_R3D_D3D_PRJ_w676.tif,60,4,588.852210,101.938282,98.183502,-86.401882,2,1,561.045455,89.090909,30.631204,7.692488,291.199926
/home/bl6/Mancini/Data/MCF-7 time course/20151026_1hr_Greb_EI_7_R3D_D3D_PRJ_w676.tif,60,4,588.852210,101.938282,98.183502,-86.401882,2,2,588.230769,104.230769,2.375224,46.409862,191.568965
/home/bl6/Mancini/Data/MCF-7 time course/20151026_1hr_Greb_EI_7_R3D_D3D_PRJ_w676.tif,60,5,679.258459,645.496650,103.585713,6.018369,2,1,652.833333,618.500000,37.777061,5.183618,219.594577
/home/bl6/Mancini/Data/MCF-7 time course/20151026_1hr_Greb_EI_7_R3D_D3D_PRJ_w676.tif,60,5,679.258459,645.496650,103.585713,6.018369,2,2,676.000000,665.800000,20.563161,12.362804,93.099209
/home/bl6/Mancini/Data/MCF-7 time course/20151026_1hr_Greb_EI_7_R3D_D3D_PRJ_w676.tif,60,7,813.402303,534.108833,116.017240,53.998512,1,1,795.833333,527.250000,18.860337,33.177443,147.326900
/home/bl6/Mancini/Data/MCF-7 time course/20151026_1hr_Greb_EI_8_R3D_D3D_PRJ_w676.tif,60,2,258.545525,586.569312,85.755466,-31.260416,2,1,278.000000,554.500000,37.508897,4.029885,332.503023
/home/bl6/Mancini/Data/MCF-7 time course/20151026_1hr_Greb_EI_8_R3D_D3D_PRJ_w676.tif,60,2,258.545525,586.569312,85.755466,-31.260416,2,2,288.818182,588.181818,30.315572,12.208429,34.309458
/home/bl6/Mancini/Data/MCF-7 time course/20151026_1hr_Greb_EI_8_R3D_D3D_PRJ_w676.tif,60,3,390.767770,670.110152,98.045908,88.538644,2,1,357.842105,691.578947,39.306597,6.763399,58.355465
/home/bl6/Mancini/Data/MCF-7 time course/20151026_1hr_Greb_EI_8_R3D_D3D_PRJ_w676.tif,60,3,390.767770,670.110152,98.045908,88.538644,2,2,421.500000,690.000000,36.607048,7.630535,304.372233
/home/bl6/Mancini/Data/MCF-7 time course/20151026_1hr_Greb_EI_8_R3D_D3D_PRJ_w676.tif,60,4,435.175754,475.683248,99.297533,62.287602,3,1,419.800000,492.500000,22.786332,12.949343,70.149440
/home/bl6/Mancini/Data/MCF-7 time course/20151026_1hr_Greb_EI_8_R3D_D3D_PRJ_w676.tif,60,4,435.175754,475.683248,99.297533,62.287602,3,2,438.666667,438.066667,37.778217,8.064820,213.014404
/home/bl6/Mancini/Data/MCF-7 time course/20151026_1hr_Greb_EI_8_R3D_D3D_PRJ_w676.tif,60,4,435.175754,475.683248,99.297533,62.287602,3,3,464.333333,509.500000,44.651284,4.392805,346.943732
/home/bl6/Mancini/Data/MCF-7 time course/20151026_1hr_Greb_EI_8_R3D_D3D_PRJ_w676.tif,60,5,450.793819,232.211405,107.967588,-15.366638,2,1,423.666667,241.111111,28.549731,27.160424,177.203333
/home/bl6/Mancini/Data/MCF-7 time course/20151026_1hr_Greb_EI_8_R3D_D3D_PRJ_w676.tif,60,5,450.793819,232.211405,107.967588,-15.366638,2,2,468.315789,249.421053,24.559956,16.449607,59.851422
/home/bl6/Mancini/Data/MCF-7 time course/20151026_1hr_Greb_EI_8_R3D_D3D_PRJ_w676.tif,60,6,569.696755,767.184692,104.560987,56.454835,4,1,552.600000,754.666667,21.189620,26.683292,159.756276
/home/bl6/Mancini/Data/MCF-7 time course/20151026_1hr_Greb_EI_8_R3D_D3D_PRJ_w676.tif,60,6,569.696755,767.184692,104.560987,56.454835,4,2,563.966667,719.366667,48.160123,6.436831,206.711929
/home/bl6/Mancini/Data/MCF-7 time course/20151026_1hr_Greb_EI_8_R3D_D3D_PRJ_w676.tif,60,6,569.696755,767.184692,104.560987,56.454835,4,3,571.625000,772.812500,5.948979,44.569329,14.632269
/home/bl6/Mancini/Data/MCF-7 time course/20151026_1hr_Greb_EI_8_R3D_D3D_PRJ_w676.tif,60,6,569.696755,767.184692,104.560987,56.454835,4,4,572.300000,803.900000,36.807482,12.119461,29.489480
/home/bl6/Mancini/Data/MCF-7 time course/20151026_1hr_Greb_EI_8_R3D_D3D_PRJ_w676.tif,60,7,624.529256,681.536706,111.400180,73.793307,1,1,655.384615,711.923077,43.305713,7.564322,330.767932
/home/bl6/Mancini/Data/MCF-7 time course/20151026_2hrs_Greb_EI_1_R3D_D3D_PRJ_w676.tif,120,1,117.611358,730.666073,136.356151,-70.107218,2,1,106.500000,770.000000,40.873220,26.098691,175.881562
/home/bl6/Mancini/Data/MCF-7 time course/20151026_2hrs_Greb_EI_1_R3D_D3D_PRJ_w676.tif,120,1,117.611358,730.666073,136.356151,-70.107218,2,2,165.285714,715.785714,49.942660,1.871081,52.772770
/home/bl6/Mancini/Data/MCF-7 time course/20151026_2hrs_Greb_EI_1_R3D_D3D_PRJ_w676.tif,120,2,290.846361,638.395662,96.020831,54.150532,2,1,264.896552,606.068966,41.453683,9.204079,177.094195
/home/bl6/Mancini/Data/MCF-7 time course/20151026_2hrs_Greb_EI_1_R3D_D3D_PRJ_w676.tif,120,2,290.846361,638.395662,96.020831,54.150532,2,2,264.615385,636.769231,26.281350,11.640757,129.397505
/home/bl6/Mancini/Data/MCF-7 time course/20151026_2hrs_Greb_EI_1_R3D_D3D_PRJ_w676.tif,120,3,339.851188,312.979770,99.959992,19.852056,2,1,311.526316,321.736842,29.647676,19.256318,142.968141
/home/bl6/Mancini/Data/MCF-7 time course/20151026_2hrs_Greb_EI_1_R3D_D3D_PRJ_w676.tif,120,3,339.851188,312.979770,99.959992,19.852056,2,2,350.315789,335.315789,24.665880,23.746466,45.044482
/home/bl6/Mancini/Data/MCF-7 time course/20151026_2hrs_Greb_EI_1_R3D_D3D_PRJ_w676.tif,120,4,385.377097,481.476698,102.610916,77.315157,1,1,347.700000,488.900000,38.401420,6.786780,91.538943
/home/bl6/Mancini/Data/MCF-7 time course/20151026_2hrs_Greb_EI_1_R3D_D3D_PRJ_w676.tif,120,5,465.595844,273.694490,123.761868,-16.044262,4,1,435.758621,250.931034,37.529119,9.765925,233.385046
/home/bl6/Mancini/Data/MCF-7 time course/20151026_2hrs_Greb_EI_1_R3D_D3D_PRJ_w676.tif,120,5,465.595844,273.694490,123.761868,-16.044262,4,2,445.176471,308.352941,40.226348,11.448764,136.549153
/home/bl6/Mancini/Data/MCF-7 time course/20151026_2hrs_Greb_EI_1_R3D_D3D_PRJ_w676.tif,120,5,465.595844,273.694490,123.761868,-16.044262,4,3,473.103448,244.724138,29.927336,16.199145,300.572735
/home/bl6/Mancini/Data/MCF-7 time course/20151026_2hrs_Greb_EI_1_R3D_D3D_PRJ_w676.tif,120,5,465.595844,273.694490,123.761868,-16.044262,4,4,519.730769,268.230769,54.409947,4.271162,10.281039
/home/bl6/Mancini/Data/MCF-7 time course/20151026_2hrs_Greb_EI_1_R3D_D3D_PRJ_w676.tif,120,6,482.459276,391.620508,103.392456,-85.266656,1,1,511.500000,365.500000,39.059501,8.511495,43.297045
/home/bl6/Mancini/Data/MCF-7 time course/20151026_2hrs_Greb_EI_1_R3D_D3D_PRJ_w676.tif,120,7,581.691710,387.772492,116.275535,63.709506,4,1,574.380952,341.904762,46.446699,9.011138,197.234420
/home/bl6/Mancini/Data/MCF-7 time course/20151026_2hrs_Greb_EI_1_R3D_D3D_PRJ_w676.tif,120,7,581.691710,387.772492,116.275535,63.709506,4,2,577.241379,429.793103,42.255618,11.275338,32.336055
/home/bl6/Mancini/Data/MCF-7 time course/20151026_2hrs_Greb_EI_1_R3D_D3D_PRJ_w676.tif,120,7,581.691710,387.772492,116.275535,63.709506,4,3,589.230769,344.538462,43.886431,8.716185,216.182151
/home/bl6/Mancini/Data/MCF-7 time course/20151026_2hrs_Greb_EI_1_R3D_D3D_PRJ_w676.tif,120,7,581.691710,387.772492,116.275535,63.709506,4,4,608.233333,389.866667,26.624112,20.872689,300.801873
/home/bl6/Mancini/Data/MCF-7 time course/20151026_2hrs_Greb_EI_2_R3D_D3D_PRJ_w676.tif,120,2,459.947477,436.224993,109.444050,77.570393,2,1,445.666667,452.380952,21.562852,14.359045,53.904183
/home/bl6/Mancini/Data/MCF-7 time course/20151026_2hrs_Greb_EI_2_R3D_D3D_PRJ_w676.tif,120,2,459.947477,436.224993,109.444050,77.570393,2,2,490.694444,450.472222,33.887454,5.876666,307.291210
/home/bl6/Mancini/Data/MCF-7 time course/20151026_2hrs_Greb_EI_2_R3D_D3D_PRJ_w676.tif,120,3,543.846482,547.516371,142.790056,84.130121,3,1,523.720000,600.920000,57.070333,10.744311,26.520041
/home/bl6/Mancini/Data/MCF-7 time course/20151026_2hrs_Greb_EI_2_R3D_D3D_PRJ_w676.tif,120,3,543.846482,547.516371,142.790056,84.130121,3,2,545.480000,601.920000,54.428148,16.088373,4.150039
/home/bl6/Mancini/Data/MCF-7 time course/20151026_2hrs_Greb_EI_2_R3D_D3D_PRJ_w676.tif,120,3,543.846482,547.516371,142.790056,84.130121,3,3,556.350000,486.300000,62.480253,7.482702,197.413827
/home/bl6/Mancini/Data/MCF-7 time course/20151026_2hrs_Greb_EI_2_R3D_D3D_PRJ_w676.tif,120,4,654.400915,179.015116,109.658561,12.483547,1,1,697.153846,198.307692,46.904335,6.436139,11.804082
/home/bl6/Mancini/Data/MCF-7 time course/20151026_2hrs_Greb_EI_2_R3D_D3D_PRJ_w676.tif,120,5,708.707584,445.903563,99.904955,-41.466101,1,1,699.722222,455.166667,12.905108,37.170526,175.594127
/home/bl6/Mancini/Data/MCF-7 time course/20151026_2hrs_Greb_EI_3_R3D_D3D_PRJ_w676.tif,120,1,189.913437,119.898852,120.415946,48.365254,2,1,194.404255,90.680851,29.561107,12.777529,230.372750
/home/bl6/Mancini/Data/MCF-7 time course/20151026_2hrs_Greb_EI_3_R3D_D3D_PRJ_w676.tif,120,1,189.913437,119.898852,120.415946,48.365254,2,2,229.071429,140.571429,44.279834,7.728210,339.465547
/home/bl6/Mancini/Data/MCF-7 time course/20151026_2hrs_Greb_EI_3_R3D_D3D_PRJ_w676.tif,120,2,612.458069,625.623982,106.301458,4.357745,2,1,611.687500,658.437500,32.822565,7.579772,86.987501
/home/bl6/Mancini/Data/MCF-7 time course/20151026_2hrs_Greb_EI_3_R3D_D3D_PRJ_w676.tif,120,2,612.458069,625.623982,106.301458,4.357745,2,2,653.024390,631.268293,40.957107,12.100033,3.563412
/home/bl6/Mancini/Data/MCF-7 time course/20151026_2hrs_Greb_EI_3_R3D_D3D_PRJ_w676.tif,120,4,621.107549,529.023997,97.082439,-18.889268,2,1,649.750000,496.607143,43.257860,3.443574,330.352009
/home/bl6/Mancini/Data/MCF-7 time course/20151026_2hrs_Greb_EI_3_R3D_D3D_PRJ_w676.tif,120,4,621.107549,529.023997,97.082439,-18.889268,2,2,657.200000,517.800000,37.797395,11.443060,1.614667
/home/bl6/Mancini/Data/MCF-7 time course/20151026_2hrs_Greb_EI_3_R3D_D3D_PRJ_w676.tif,120,6,775.825053,731.250697,112.008928,7.582383,2,1,733.576923,716.576923,44.723865,8.948964,191.570940
/home/bl6/Mancini/Data/MCF-7 time course/20151026_2hrs_Greb_EI_3_R3D_D3D_PRJ_w676.tif,120,6,775.825053,731.250697,112.008928,7.582383,2,2,744.705882,753.117647,38.033752,4.689922,137.322510
/home/bl6/Mancini/Data/MCF-7 time course/20151026_2hrs_Greb_EI_3_R3D_D3D_PRJ_w676.tif,120,7,823.419919,596.583943,77.103826,46.486260,2,1,800.500000,588.214286,24.400284,15.408934,153.574396
/home/bl6/Mancini/Data/MCF-7 time course/20151026_2hrs_Greb_EI_3_R3D_D3D_PRJ_w676.tif,120,7,823.419919,596.583943,77.103826,46.486260,2,2,803.636364,607.454545,22.573415,14.228354,104.725971
/home/bl6/Mancini/Data/MCF-7 time course/20151026_2hrs_Greb_EI_4_R3D_D3D_PRJ_w676.tif,120,1,188.568604,366.287238,130.816666,77.759608,2,1,164.000000,383.000000,29.714184,10.816308,68.014945
/home/bl6/Mancini/Data/MCF-7 time course/20151026_2hrs_Greb_EI_4_R3D_D3D_PRJ_w676.tif,120,1,188.568604,366.287238,130.816666,77.759608,2,2,221.857143,375.761905,34.610636,7.483147,298.127937
/home/bl6/Mancini/Data/MCF-7 time course/20151026_2hrs_Greb_EI_4_R3D_D3D_PRJ_w676.tif,120,2,529.370286,284.054295,111.220502,-56.721449,1,1,550.538462,310.153846,33.604735,7.351465,107.677490
/home/bl6/Mancini/Data/MCF-7 time course/20151026_2hrs_Greb_EI_4_R3D_D3D_PRJ_w676.tif,120,3,657.034107,731.484632,92.698436,20.079883,3,1,635.833333,744.916667,25.097656,11.562477,127.563266
/home/bl6/Mancini/Data/MCF-7 time course/20151026_2hrs_Greb_EI_4_R3D_D3D_PRJ_w676.tif,120,3,657.034107,731.484632,92.698436,20.079883,3,2,664.000000,704.111111,28.245944,2.295815,264.197454
/home/bl6/Mancini/Data/MCF-7 time course/20151026_2hrs_Greb_EI_4_R3D_D3D_PRJ_w676.tif,120,3,657.034107,731.484632,92.698436,20.079883,3,3,678.266667,723.666667,22.626139,17.663367,319.706085
/home/bl6/Mancini/Data/MCF-7 time course/20151026_2hrs_Greb_EI_4_R3D_D3D_PRJ_w676.tif,120,4,745.156722,567.565898,77.129761,76.226628,2,1,730.521739,539.347826,31.787455,7.256979,166.360371
/home/bl6/Mancini/Data/MCF-7 time course/20151026_2hrs_Greb_EI_4_R3D_D3D_PRJ_w676.tif,120,4,745.156722,567.565898,77.129761,76.226628,2,2,744.000000,558.055556,9.580429,29.328699,186.838672
/home/bl6/Mancini/Data/MCF-7 time course/20151026_2hrs_Greb_EI_6_R3D_D3D_PRJ_w676.tif,120,1,122.181353,357.656434,95.047357,88.605210,1,1,138.235294,382.117647,29.258845,11.974288,328.117823
/home/bl6/Mancini/Data/MCF-7 time course/20151026_2hrs_Greb_EI_6_R3D_D3D_PRJ_w676.tif,120,2,251.419808,837.228230,69.835521,-28.688495,1,1,264.000000,861.166667,27.042744,5.676626,90.965549
/home/bl6/Mancini/Data/MCF-7 time course/20151026_2hrs_Greb_EI_6_R3D_D3D_PRJ_w676.tif,120,3,304.239414,209.325710,96.628153,6.493964,1,1,326.314286,194.657143,26.504091,12.586086,319.902331
/home/bl6/Mancini/Data/MCF-7 time course/20151026_2hrs_Greb_EI_6_R3D_D3D_PRJ_w676.tif,120,4,326.241462,406.204114,85.428333,51.621390,1,1,331.913043,438.478261,32.768695,8.583235,28.411708
/home/bl6/Mancini/Data/MCF-7 time course/20151026_2hrs_Greb_EI_6_R3D_D3D_PRJ_w676.tif,120,5,473.284236,166.937898,89.286057,-74.398030,3,1,441.923077,168.230769,31.387797,6.951934,252.037334
/home/bl6/Mancini/Data/MCF-7 time course/20151026_2hrs_Greb_EI_6_R3D_D3D_PRJ_w676.tif,120,5,473.284236,166.937898,89.286057,-74.398030,3,2,498.500000,154.666667,28.043143,9.249877,48.448196
/home/bl6/Mancini/Data/MCF-7 time course/20151026_2hrs_Greb_EI_6_R3D_D3D_PRJ_w676.tif,120,5,473.284236,166.937898,89.286057,-74.398030,3,3,500.071429,180.714286,30.122127,6.775522,101.614339
/home/bl6/Mancini/Data/MCF-7 time course/20151026_2hrs_Greb_EI_6_R3D_D3D_PRJ_w676.tif,120,6,497.760178,241.947848,89.805345,-7.736605,2,1,516.727273,228.886364,23.029395,18.754152,333.183784
/home/bl6/Mancini/Data/MCF-7 time course/20151026_2hrs_Greb_EI_6_R3D_D3D_PRJ_w676.tif,120,6,497.760178,241.947848,89.805345,-7.736605,2,2,517.101449,263.231884,28.759259,13.213634,55.474492
/home/bl6/Mancini/Data/MCF-7 time course/20151026_2hrs_Greb_EI_6_R3D_D3D_PRJ_w676.tif,120,7,497.948113,392.603229,100.044990,-88.519518,2,1,495.863636,358.000000,34.665956,15.024805,355.072222
/home/bl6/Mancini/Data/MCF-7 time course/20151026_2hrs_Greb_EI_6_R3D_D3D_PRJ_w676.tif,120,7,497.948113,392.603229,100.044990,-88.519518,2,2,505.642857,399.178571,10.121473,27.055278,129.034196
/home/bl6/Mancini/Data/MCF-7 time course/20151026_2hrs_Greb_EI_7_R3D_D3D_PRJ_w676.tif,120,1,455.787166,293.956955,90.801982,-17.079131,2,1,419.266667,293.733333,36.521184,9.266002,197.429959
/home/bl6/Mancini/Data/MCF-7 time course/20151026_2hrs_Greb_EI_7_R3D_D3D_PRJ_w676.tif,120,1,455.787166,293.956955,90.801982,-17.079131,2,2,428.764151,309.245283,31.047968,13.565260,167.580028
/home/bl6/Mancini/Data/MCF-7 time course/20151026_2hrs_Greb_EI_7_R3D_D3D_PRJ_w676.tif,120,2,478.466059,383.861352,96.881371,79.156084,3,1,472.875000,421.312500,37.866192,8.723344,19.334859
/home/bl6/Mancini/Data/MCF-7 time course/20151026_2hrs_Greb_EI_7_R3D_D3D_PRJ_w676.tif,120,2,478.466059,383.861352,96.881371,79.156084,3,2,479.571429,394.761905,10.956455,38.390920,5.053637
/home/bl6/Mancini/Data/MCF-7 time course/20151026_2hrs_Greb_EI_7_R3D_D3D_PRJ_w676.tif,120,2,478.466059,383.861352,96.881371,79.156084,3,3,488.714286,365.571429,20.965386,27.057724,220.106738
/home/bl6/Mancini/Data/MCF-7 time course/20151026_2hrs_Greb_EI_7_R3D_D3D_PRJ_w676.tif,120,3,569.935575,852.234548,107.540690,29.890049,4,1,534.238095,845.047619,36.413761,13.580603,161.493068
/home/bl6/Mancini/Data/MCF-7 time course/20151026_2hrs_Greb_EI_7_R3D_D3D_PRJ_w676.tif,120,3,569.935575,852.234548,107.540690,29.890049,4,2,558.294118,853.588235,11.719897,27.506223,143.477293
/home/bl6/Mancini/Data/MCF-7 time course/20151026_2hrs_Greb_EI_7_R3D_D3D_PRJ_w676.tif,120,3,569.935575,852.234548,107.540690,29.890049,4,3,586.700000,837.450000,22.352378,5.508145,288.700877
/home/bl6/Mancini/Data/MCF-7 time course/20151026_2hrs_Greb_EI_7_R3D_D3D_PRJ_w676.tif,120,3,569.935575,852.234548,107.540690,29.890049,4,4,587.652174,878.608696,31.772213,14.940895,26.219070
/home/bl6/Mancini/Data/MCF-7 time course/20151026_2hrs_Greb_EI_8_R3D_D3D_PRJ_w676.tif,120,1,87.048980,506.712127,91.241438,43.709211,3,1,91.322581,490.225806,17.031219,21.005645,240.823189
/home/bl6/Mancini/Data/MCF-7 time course/20151026_2hrs_Greb_EI_8_R3D_D3D_PRJ_w676.tif,120,1,87.048980,506.712127,91.241438,43.709211,3,2,102.434783,533.608696,30.986260,11.784416,16.519684
/home/bl6/Mancini/Data/MCF-7 time course/20151026_2hrs_Greb_EI_8_R3D_D3D_PRJ_w676.tif,120,1,87.048980,506.712127,91.241438,43.709211,3,3,117.090909,491.363636,33.735643,3.211141,289.228195
/home/bl6/Mancini/Data/MCF-7 time course/20151026_2hrs_Greb_EI_8_R3D_D3D_PRJ_w676.tif,120,2,270.368173,230.251726,102.615788,51.940994,2,1,247.285714,210.785714,30.194793,18.519176,168.200774
/home/bl6/Mancini/Data/MCF-7 time course/20151026_2hrs_Greb_EI_8_R3D_D3D_PRJ_w676.tif,120,2,270.368173,230.251726,102.615788,51.940994,2,2,308.750000,237.833333,39.123463,4.396704,319.232861
/home/bl6/Mancini/Data/MCF-7 time course/20151026_2hrs_Greb_EI_8_R3D_D3D_PRJ_w676.tif,120,3,344.269944,197.659994,112.258630,64.057604,3,1,329.500000,218.300000,25.380329,14.461437,61.529824
/home/bl6/Mancini/Data/MCF-7 time course/20151026_2hrs_Greb_EI_8_R3D_D3D_PRJ_w676.tif,120,3,344.269944,197.659994,112.258630,64.057604,3,2,337.000000,149.200000,49.002277,4.303135,197.410537
/home/bl6/Mancini/Data/MCF-7 time course/20151026_2hrs_Greb_EI_8_R3D_D3D_PRJ_w676.tif,120,3,344.269944,197.659994,112.258630,64.057604,3,3,352.720000,173.240000,25.840657,19.290814,225.029562
/home/bl6/Mancini/Data/MCF-7 time course/20151026_2hrs_Greb_EI_8_R3D_D3D_PRJ_w676.tif,120,4,354.124486,436.930300,107.447662,-75.524766,2,1,322.125000,453.375000,35.977706,7.994084,228.325902
/home/bl6/Mancini/Data/MCF-7 time course/20151026_2hrs_Greb_EI_8_R3D_D3D_PRJ_w676.tif,120,4,354.124486,436.930300,107.447662,-75.524766,2,2,363.736842,398.684211,39.435526,14.067136,359.632660
/home/bl6/Mancini/Data/MCF-7 time course/20151026_2hrs_Greb_EI_8_R3D_D3D_PRJ_w676.tif,120,5,367.671211,705.860743,103.576059,-79.890684,1,1,344.612903,739.645161,40.903209,10.064971,204.204732
/home/bl6/Mancini/Data/MCF-7 time course/20151026_2hrs_Greb_EI_8_R3D_D3D_PRJ_w676.tif,120,6,445.950631,651.901403,117.004273,37.469289,3,1,426.882353,636.294118,24.641156,34.923740,181.830855
/home/bl6/Mancini/Data/MCF-7 time course/20151026_2hrs_Greb_EI_8_R3D_D3D_PRJ_w676.tif,120,6,445.950631,651.901403,117.004273,37.469289,3,2,428.896552,613.379310,42.128295,7.005845,208.651305
/home/bl6/Mancini/Data/MCF-7 time course/20151026_2hrs_Greb_EI_8_R3D_D3D_PRJ_w676.tif,120,6,445.950631,651.901403,117.004273,37.469289,3,3,491.880952,665.428571,47.880880,6.314179,338.941204
/home/bl6/Mancini/Data/MCF-7 time course/20151026_2hrs_Greb_EI_8_R3D_D3D_PRJ_w676.tif,120,7,483.588738,763.477789,83.024093,-8.834667,2,1,480.142857,732.357143,31.310841,4.347995,272.516243
/home/bl6/Mancini/Data/MCF-7 time course/20151026_2hrs_Greb_EI_8_R3D_D3D_PRJ_w676.tif,120,7,483.588738,763.477789,83.024093,-8.834667,2,2,511.545455,744.363636,33.866338,5.576544,334.474047
/home/bl6/Mancini/Data/MCF-7 time course/20151026_2hrs_Greb_EI_8_R3D_D3D_PRJ_w676.tif,120,8,529.652967,511.168627,122.494898,-42.211854,2,1,536.071429,469.464286,42.195364,7.519149,320.961250
/home/bl6/Mancini/Data/MCF-7 time course/20151026_2hrs_Greb_EI_8_R3D_D3D_PRJ_w676.tif,120,8,529.652967,511.168627,122.494898,-42.211854,2,2,574.727273,496.727273,47.331235,8.710426,24.446918
/home/bl6/Mancini/Data/MCF-7 time course/20151026_2hrs_Greb_EI_8_R3D_D3D_PRJ_w676.tif,120,9,539.914900,603.538095,106.620823,-66.824671,4,1,527.000000,639.000000,37.740447,12.645526,176.835830
/home/bl6/Mancini/Data/MCF-7 time course/20151026_2hrs_Greb_EI_8_R3D_D3D_PRJ_w676.tif,120,9,539.914900,603.538095,106.620823,-66.824671,4,2,531.181818,628.181818,26.145359,24.240614,176.337648
/home/bl6/Mancini/Data/MCF-7 time course/20151026_2hrs_Greb_EI_8_R3D_D3D_PRJ_w676.tif,120,9,539.914900,603.538095,106.620823,-66.824671,4,3,565.250000,567.666667,43.916132,8.185718,12.057284
/home/bl6/Mancini/Data/MCF-7 time course/20151026_2hrs_Greb_EI_8_R3D_D3D_PRJ_w676.tif,120,9,539.914900,603.538095,106.620823,-66.824671,4,4,569.000000,597.100000,29.789127,11.195190,54.343291
/home/bl6/Mancini/Data/MCF-7 time course/20151026_2hrs_Greb_EI_8_R3D_D3D_PRJ_w676.tif,120,10,584.224920,736.640919,118.595953,70.943984,4,1,555.500000,730.500000,29.374001,20.010937,121.123267
/home/bl6/Mancini/Data/MCF-7 time course/20151026_2hrs_Greb_EI_8_R3D_D3D_PRJ_w676.tif,120,10,584.224920,736.640919,118.595953,70.943984,4,2,566.411765,708.088235,33.653592,24.991241,167.097224
/home/bl6/Mancini/Data/MCF-7 time course/20151026_2hrs_Greb_EI_8_R3D_D3D_PRJ_w676.tif,120,10,584.224920,736.640919,118.595953,70.943984,4,3,599.789474,785.578947,51.353539,8.696587,1.412949
/home/bl6/Mancini/Data/MCF-7 time course/20151026_2hrs_Greb_EI_8_R3D_D3D_PRJ_w676.tif,120,10,584.224920,736.640919,118.595953,70.943984,4,4,617.862069,772.448276,49.128654,8.977704,335.845982
/home/bl6/Mancini/Data/MCF-7 time course/20151026_2hrs_Greb_EI_8_R3D_D3D_PRJ_w676.tif,120,11,639.532996,586.293108,114.337221,50.543004,3,1,615.400000,589.218182,24.309619,21.579621,122.546092
/home/bl6/Mancini/Data/MCF-7 time course/20151026_2hrs_Greb_EI_8_R3D_D3D_PRJ_w676.tif,120,11,639.532996,586.293108,114.337221,50.543004,3,2,663.194444,613.083333,35.743255,19.658073,358.005668
/home/bl6/Mancini/Data/MCF-7 time course/20151026_2hrs_Greb_EI_8_R3D_D3D_PRJ_w676.tif,120,11,639.532996,586.293108,114.337221,50.543004,3,3,670.631579,594.105263,32.064803,16.824539,323.558263
/home/bl6/Mancini/Data/MCF-7 time course/20151026_2hrs_Greb_EI_8_R3D_D3D_PRJ_w676.tif,120,12,754.477149,337.728247,116.709040,19.417681,1,1,747.866667,351.866667,15.607479,27.793853,95.640974
/home/bl6/Mancini/Data/MCF-7 time course/20151026_30mins_Greb_EI_1_R3D_D3D_PRJ_w676.tif,30,3,266.212269,839.881176,97.082439,12.117192,2,1,235.555556,820.814815,36.102081,10.337934,199.761571
/home/bl6/Mancini/Data/MCF-7 time course/20151026_30mins_Greb_EI_1_R3D_D3D_PRJ_w676.tif,30,3,266.212269,839.881176,97.082439,12.117192,2,2,287.687500,831.937500,22.897326,20.520279,327.583401
/home/bl6/Mancini/Data/MCF-7 time course/20151026_30mins_Greb_EI_1_R3D_D3D_PRJ_w676.tif,30,5,613.251309,182.091422,81.320354,16.962309,2,1,590.600000,165.500000,28.077697,10.779195,199.259377
/home/bl6/Mancini/Data/MCF-7 time course/20151026_30mins_Greb_EI_1_R3D_D3D_PRJ_w676.tif,30,5,613.251309,182.091422,81.320354,16.962309,2,2,590.909091,156.909091,33.664885,5.519832,211.457674
/home/bl6/Mancini/Data/MCF-7 time course/20151026_30mins_Greb_EI_1_R3D_D3D_PRJ_w676.tif,30,7,874.356704,591.442477,123.328829,86.051095,3,1,840.900000,565.633333,42.254739,11.098843,131.596189
/home/bl6/Mancini/Data/MCF-7 time course/20151026_30mins_Greb_EI_1_R3D_D3D_PRJ_w676.tif,30,7,874.356704,591.442477,123.328829,86.051095,3,2,862.944444,641.944444,51.775365,14.359261,16.682533
/home/bl6/Mancini/Data/MCF-7 time course/20151026_30mins_Greb_EI_1_R3D_D3D_PRJ_w676.tif,30,7,874.356704,591.442477,123.328829,86.051095,3,3,887.282051,643.128205,53.277379,7.083284,349.908577
/home/bl6/Mancini/Data/MCF-7 time course/20151026_30mins_Greb_EI_2_R3D_D3D_PRJ_w676.tif,30,1,259.581958,522.290291,84.864598,-44.320650,3,1,254.000000,527.090909,7.362349,36.819041,183.624324
/home/bl6/Mancini/Data/MCF-7 time course/20151026_30mins_Greb_EI_2_R3D_D3D_PRJ_w676.tif,30,1,259.581958,522.290291,84.864598,-44.320650,3,2,277.944444,487.777778,39.093407,4.300634,342.335996
/home/bl6/Mancini/Data/MCF-7 time course/20151026_30mins_Greb_EI_2_R3D_D3D_PRJ_w676.tif,30,1,259.581958,522.290291,84.864598,-44.320650,3,3,291.857143,519.071429,32.435300,6.221557,38.625272
/home/bl6/Mancini/Data/MCF-7 time course/20151026_30mins_Greb_EI_2_R3D_D3D_PRJ_w676.tif,30,2,287.680173,178.033721,105.223572,8.709219,1,1,323.388889,150.444444,45.125166,3.561933,313.600381
/home/bl6/Mancini/Data/MCF-7 time course/20151026_30mins_Greb_EI_2_R3D_D3D_PRJ_w676.tif,30,3,412.554869,605.795519,88.408144,52.592874,3,1,389.533333,620.666667,27.406973,12.286342,94.546008
/home/bl6/Mancini/Data/MCF-7 time course/20151026_30mins_Greb_EI_2_R3D_D3D_PRJ_w676.tif,30,3,412.554869,605.795519,88.408144,52.592874,3,2,437.200000,609.700000,24.952504,16.954470,316.409567
/home/bl6/Mancini/Data/MCF-7 time course/20151026_30mins_Greb_EI_2_R3D_D3D_PRJ_w676.tif,30,3,412.554869,605.795519,88.408144,52.592874,3,3,447.750000,616.500000,36.786997,5.459399,324.324090
/home/bl6/Mancini/Data/MCF-7 time course/20151026_30mins_Greb_EI_2_R3D_D3D_PRJ_w676.tif,30,4,580.237650,241.864181,110.693270,-67.322515,1,1,601.909091,266.363636,32.708939,10.418589,115.827562
/home/bl6/Mancini/Data/MCF-7 time course/20151026_30mins_Greb_EI_2_R3D_D3D_PRJ_w676.tif,30,5,624.943826,338.302885,124.326184,-4.328204,3,1,578.307692,345.000000,47.114545,13.456918,176.156194
/home/bl6/Mancini/Data/MCF-7 time course/20151026_30mins_Greb_EI_2_R3D_D3D_PRJ_w676.tif,30,5,624.943826,338.302885,124.326184,-4.328204,3,2,625.541667,373.375000,35.077210,9.632382,93.351632
/home/bl6/Mancini/Data/MCF-7 time course/20151026_30mins_Greb_EI_2_R3D_D3D_PRJ_w676.tif,30,5,624.943826,338.302885,124.326184,-4.328204,3,3,650.000000,319.700000,31.207037,23.422834,327.736270
/home/bl6/Mancini/Data/MCF-7 time course/20151026_30mins_Greb_EI_2_R3D_D3D_PRJ_w676.tif,30,6,757.550520,517.475048,102.068604,41.263117,3,1,769.478261,489.086957,30.792122,3.436042,251.527424
/home/bl6/Mancini/Data/MCF-7 time course/20151026_30mins_Greb_EI_2_R3D_D3D_PRJ_w676.tif,30,6,757.550520,517.475048,102.068604,41.263117,3,2,775.846154,552.230769,39.277097,7.460487,20.974277
/home/bl6/Mancini/Data/MCF-7 time course/20151026_30mins_Greb_EI_2_R3D_D3D_PRJ_w676.tif,30,6,757.550520,517.475048,102.068604,41.263117,3,3,798.033333,520.800000,40.619127,2.973104,323.432185
/home/bl6/Mancini/Data/MCF-7 time course/20151026_30mins_Greb_EI_3_R3D_D3D_PRJ_w676.tif,30,2,430.995331,184.157572,92.649879,-57.749661,3,1,391.000000,186.500000,40.063868,7.017345,234.397817
/home/bl6/Mancini/Data/MCF-7 time course/20151026_30mins_Greb_EI_3_R3D_D3D_PRJ_w676.tif,30,2,430.995331,184.157572,92.649879,-57.749661,3,2,450.619048,170.428571,23.949441,21.366827,22.772537
/home/bl6/Mancini/Data/MCF-7 time course/20151026_30mins_Greb_EI_3_R3D_D3D_PRJ_w676.tif,30,2,430.995331,184.157572,92.649879,-57.749661,3,3,465.187500,187.812500,34.386958,10.877479,63.851051
/home/bl6/Mancini/Data/MCF-7 time course/20151026_30mins_Greb_EI_3_R3D_D3D_PRJ_w676.tif,30,3,711.680547,225.102746,111.287915,-86.005991,1,1,708.062500,202.250000,23.137378,32.644918,347.009594
/home/bl6/Mancini/Data/MCF-7 time course/20151026_30mins_Greb_EI_4_R3D_D3D_PRJ_w676.tif,30,1,247.877826,364.533156,87.000000,46.338780,4,1,222.666667,331.523810,41.535762,4.419049,186.290141
/home/bl6/Mancini/Data/MCF-7 time course/20151026_30mins_Greb_EI_4_R3D_D3D_PRJ_w676.tif,30,1,247.877826,364.533156,87.000000,46.338780,4,2,234.631579,334.105263,33.186138,9.799109,200.136168
/home/bl6/Mancini/Data/MCF-7 time course/20151026_30mins_Greb_EI_4_R3D_D3D_PRJ_w676.tif,30,1,247.877826,364.533156,87.000000,46.338780,4,3,243.812500,351.812500,13.354474,29.175224,205.938139
/home/bl6/Mancini/Data/MCF-7 time course/20151026_30mins_Greb_EI_4_R3D_D3D_PRJ_w676.tif,30,1,247.877826,364.533156,87.000000,46.338780,4,4,276.222222,355.944444,29.617068,8.009502,296.803746
/home/bl6/Mancini/Data/MCF-7 time course/20151026_30mins_Greb_EI_4_R3D_D3D_PRJ_w676.tif,30,3,636.097841,596.213436,85.562842,-45.505106,1,1,601.500000,605.200000,35.745894,6.743899,210.944657
/home/bl6/Mancini/Data/MCF-7 time course/20151026_30mins_Greb_EI_5_R3D_D3D_PRJ_w676.tif,30,1,245.241048,381.829166,83.725743,60.346826,2,1,242.200000,363.500000,18.579728,22.886566,200.232867
/home/bl6/Mancini/Data/MCF-7 time course/20151026_30mins_Greb_EI_5_R3D_D3D_PRJ_w676.tif,30,1,245.241048,381.829166,83.725743,60.346826,2,2,278.440000,389.760000,34.133100,3.752580,313.088654
/home/bl6/Mancini/Data/MCF-7 time course/20151026_30mins_Greb_EI_5_R3D_D3D_PRJ_w676.tif,30,2,289.919684,691.050090,120.208153,-20.081230,3,1,245.363636,711.727273,49.120131,8.057240,175.186569
/home/bl6/Mancini/Data/MCF-7 time course/20151026_30mins_Greb_EI_5_R3D_D3D_PRJ_w676.tif,30,2,289.919684,691.050090,120.208153,-20.081230,3,2,304.333333,696.055556,15.258046,40.775151,39.231943
/home/bl6/Mancini/Data/MCF-7 time course/20151026_30mins_Greb_EI_5_R3D_D3D_PRJ_w676.tif,30,2,289.919684,691.050090,120.208153,-20.081230,3,3,319.800000,724.000000,44.480668,9.350406,67.878213
/home/bl6/Mancini/Data/MCF-7 time course/20151026_30mins_Greb_EI_5_R3D_D3D_PRJ_w676.tif,30,3,301.679483,497.951212,88.391176,-44.393261,1,1,323.452830,484.000000,25.859523,19.868203,11.743656
/home/bl6/Mancini/Data/MCF-7 time course/20151026_30mins_Greb_EI_5_R3D_D3D_PRJ_w676.tif,30,4,391.402294,567.825471,122.004098,-22.147026,3,1,347.789474,579.578947,45.168820,16.396169,187.064374
/home/bl6/Mancini/Data/MCF-7 time course/20151026_30mins_Greb_EI_5_R3D_D3D_PRJ_w676.tif,30,4,391.402294,567.825471,122.004098,-22.147026,3,2,416.117647,556.411765,27.223544,34.079472,357.359235
/home/bl6/Mancini/Data/MCF-7 time course/20151026_30mins_Greb_EI_5_R3D_D3D_PRJ_w676.tif,30,4,391.402294,567.825471,122.004098,-22.147026,3,3,427.583333,545.333333,42.602393,18.020902,350.279654
/home/bl6/Mancini/Data/MCF-7 time course/20151026_30mins_Greb_EI_6_R3D_D3D_PRJ_w676.tif,30,1,398.588561,822.059194,112.769677,28.691309,1,1,446.818182,834.181818,49.729813,6.439135,345.417832
/home/bl6/Mancini/Data/MCF-7 time course/20151026_30mins_Greb_EI_6_R3D_D3D_PRJ_w676.tif,30,2,536.143566,663.677752,129.294238,77.230284,1,1,521.750000,600.700000,64.601640,3.774161,179.895881
/home/bl6/Mancini/Data/MCF-7 time course/20151026_30mins_Greb_EI_6_R3D_D3D_PRJ_w676.tif,30,3,607.128275,578.315820,98.371744,72.934688,2,1,579.368421,557.684211,34.587176,11.506888,143.685689
/home/bl6/Mancini/Data/MCF-7 time course/20151026_30mins_Greb_EI_6_R3D_D3D_PRJ_w676.tif,30,3,607.128275,578.315820,98.371744,72.934688,2,2,644.062500,564.812500,39.325267,3.038599,266.982671
/home/bl6/Mancini/Data/MCF-7 time course/20151026_30mins_Greb_EI_6_R3D_D3D_PRJ_w676.tif,30,4,708.004808,626.962289,127.800626,-37.059908,3,1,697.000000,595.700000,33.142669,17.744900,287.667053
/home/bl6/Mancini/Data/MCF-7 time course/20151026_30mins_Greb_EI_6_R3D_D3D_PRJ_w676.tif,30,4,708.004808,626.962289,127.800626,-37.059908,3,2,701.242424,605.333333,22.661455,28.548407,289.697834
/home/bl6/Mancini/Data/MCF-7 time course/20151026_30mins_Greb_EI_6_R3D_D3D_PRJ_w676.tif,30,4,708.004808,626.962289,127.800626,-37.059908,3,3,705.642857,645.785714,18.971034,37.502786,134.211964
/home/bl6/Mancini/Data/MCF-7 time course/20151026_30mins_Greb_EI_7_R3D_D3D_PRJ_w676.tif,30,1,496.409058,903.241606,104.546640,67.910075,4,1,460.750000,891.062500,37.681548,9.270247,130.947174
/home/bl6/Mancini/Data/MCF-7 time course/20151026_30mins_Greb_EI_7_R3D_D3D_PRJ_w676.tif,30,1,496.409058,903.241606,104.546640,67.910075,4,2,476.411765,875.117647,34.508677,17.539993,166.675530
/home/bl6/Mancini/Data/MCF-7 time course/20151026_30mins_Greb_EI_7_R3D_D3D_PRJ_w676.tif,30,1,496.409058,903.241606,104.546640,67.910075,4,3,503.571429,944.428571,41.805091,9.675185,12.224902
/home/bl6/Mancini/Data/MCF-7 time course/20151026_30mins_Greb_EI_7_R3D_D3D_PRJ_w676.tif,30,1,496.409058,903.241606,104.546640,67.910075,4,4,503.666667,872.500000,31.586694,15.852258,215.373333
/home/bl6/Mancini/Data/MCF-7 time course/20151026_30mins_Greb_EI_7_R3D_D3D_PRJ_w676.tif,30,2,593.277415,135.403850,107.517440,80.366209,1,1,611.619048,126.857143,20.235160,15.931761,254.649540
/home/bl6/Mancini/Data/MCF-7 time course/20151026_30mins_Greb_EI_7_R3D_D3D_PRJ_w676.tif,30,3,641.590272,416.740467,118.802357,-44.325615,2,1,633.200000,396.600000,21.818228,16.785619,291.709601
/home/bl6/Mancini/Data/MCF-7 time course/20151026_30mins_Greb_EI_7_R3D_D3D_PRJ_w676.tif,30,3,641.590272,416.740467,118.802357,-44.325615,2,2,649.800000,384.000000,33.754078,13.387964,328.402387
/home/bl6/Mancini/Data/MCF-7 time course/20151026_30mins_Greb_EI_7_R3D_D3D_PRJ_w676.tif,30,5,728.517213,461.865491,107.540690,-22.694426,1,1,767.176471,475.647059,41.042293,7.217486,42.314975
/home/bl6/Mancini/Data/MCF-7 time course/20151026_30mins_Greb_EI_7_R3D_D3D_PRJ_w676.tif,30,6,748.912938,711.733301,99.297533,18.752676,1,1,760.944444,690.666667,24.260260,15.863202,280.978734
/home/bl6/Mancini/Data/MCF-7 time course/20151026_4hrs_Greb_EI_1_R3D_D3D_PRJ_w676.tif,240,3,342.744300,650.133388,109.288609,-34.653527,1,1,338.384615,679.153846,29.346105,15.035933,133.197066
/home/bl6/Mancini/Data/MCF-7 time course/20151026_4hrs_Greb_EI_2_R3D_D3D_PRJ_w676.tif,240,2,533.928437,102.958724,70.455660,-5.939511,4,1,509.215909,107.727273,25.168395,10.462705,175.017904
/home/bl6/Mancini/Data/MCF-7 time course/20151026_4hrs_Greb_EI_2_R3D_D3D_PRJ_w676.tif,240,2,533.928437,102.958724,70.455660,-5.939511,4,2,528.352941,118.470588,16.483449,15.483863,115.709690
/home/bl6/Mancini/Data/MCF-7 time course/20151026_4hrs_Greb_EI_2_R3D_D3D_PRJ_w676.tif,240,2,533.928437,102.958724,70.455660,-5.939511,4,3,549.714286,123.571429,25.962985,6.915818,58.493499
/home/bl6/Mancini/Data/MCF-7 time course/20151026_4hrs_Greb_EI_2_R3D_D3D_PRJ_w676.tif,240,2,533.928437,102.958724,70.455660,-5.939511,4,4,561.000000,125.666667,35.334405,0.215137,45.929828
/home/bl6/Mancini/Data/MCF-7 time course/20151026_4hrs_Greb_EI_4_R3D_D3D_PRJ_w676.tif,240,2,697.412913,756.160388,100.424101,-14.954693,1,1,690.951220,788.243902,32.727747,13.089213,116.341860
/home/bl6/Mancini/Data/MCF-7 time course/20151026_4hrs_Greb_EI_5_R3D_D3D_PRJ_w676.tif,240,3,347.959169,514.208713,102.004902,-37.276967,1,1,339.079365,500.111111,16.661131,15.400177,275.070943
/home/bl6/Mancini/Data/MCF-7 time course/20151026_4hrs_Greb_EI_7_R3D_D3D_PRJ_w676.tif,240,1,736.528939,702.263187,111.628849,-80.352313,4,1,701.000000,687.642857,38.419521,11.939317,282.719715
/home/bl6/Mancini/Data/MCF-7 time course/20151026_4hrs_Greb_EI_7_R3D_D3D_PRJ_w676.tif,240,1,736.528939,702.263187,111.628849,-80.352313,4,2,708.238806,663.089552,48.320858,3.815436,314.516521
/home/bl6/Mancini/Data/MCF-7 time course/20151026_4hrs_Greb_EI_7_R3D_D3D_PRJ_w676.tif,240,1,736.528939,702.263187,111.628849,-80.352313,4,3,752.260870,651.217391,53.415044,2.336754,7.481217
/home/bl6/Mancini/Data/MCF-7 time course/20151026_4hrs_Greb_EI_7_R3D_D3D_PRJ_w676.tif,240,1,736.528939,702.263187,111.628849,-80.352313,4,4,777.014493,683.072464,44.803615,6.725105,54.990701
/home/bl6/Mancini/Data/MCF-7 time course/20151026_E2_24hrs_Greb_EI_1_R3D_D3D_PRJ_w676.tif,1440,1,266.312343,601.647355,90.609050,-42.610341,4,1,244.200000,584.850000,27.768810,7.871009,259.831991
/home/bl6/Mancini/Data/MCF-7 time course/20151026_E2_24hrs_Greb_EI_1_R3D_D3D_PRJ_w676.tif,1440,1,266.312343,601.647355,90.609050,-42.610341,4,2,270.600000,633.000000,31.644468,7.127620,124.823114
/home/bl6/Mancini/Data/MCF-7 time course/20151026_E2_24hrs_Greb_EI_1_R3D_D3D_PRJ_w676.tif,1440,1,266.312343,601.647355,90.609050,-42.610341,4,3,284.222222,566.055556,39.843945,5.765118,339.321992
/home/bl6/Mancini/Data/MCF-7 time course/20151026_E2_24hrs_Greb_EI_1_R3D_D3D_PRJ_w676.tif,1440,1,266.312343,601.647355,90.609050,-42.610341,4,4,302.181818,604.545455,35.986362,3.842652,47.229559
/home/bl6/Mancini/Data/MCF-7 time course/20151026_E2_24hrs_Greb_EI_1_R3D_D3D_PRJ_w676.tif,1440,2,322.189700,143.993477,118.067777,-25.979399,3,1,308.652174,172.043478,31.145901,19.932303,141.742341
/home/bl6/Mancini/Data/MCF-7 time course/20151026_E2_24hrs_Greb_EI_1_R3D_D3D_PRJ_w676.tif,1440,2,322.189700,143.993477,118.067777,-25.979399,3,2,312.333333,147.066667,10.324362,46.471284,188.662056
/home/bl6/Mancini/Data/MCF-7 time course/20151026_E2_24hrs_Greb_EI_1_R3D_D3D_PRJ_w676.tif,1440,2,322.189700,143.993477,118.067777,-25.979399,3,3,363.628571,127.085714,44.755475,16.531638,3.783105
/home/bl6/Mancini/Data/MCF-7 time course/20151026_E2_24hrs_Greb_EI_1_R3D_D3D_PRJ_w676.tif,1440,3,348.755136,316.699632,97.329338,-85.187844,3,1,345.629630,288.666667,28.206665,19.838902,348.825984
/home/bl6/Mancini/Data/MCF-7 time course/20151026_E2_24hrs_Greb_EI_1_R3D_D3D_PRJ_w676.tif,1440,3,348.755136,316.699632,97.329338,-85.187844,3,2,364.852941,276.852941,42.975552,5.304176,17.186233
/home/bl6/Mancini/Data/MCF-7 time course/20151026_E2_24hrs_Greb_EI_1_R3D_D3D_PRJ_w676.tif,1440,3,348.755136,316.699632,97.329338,-85.187844,3,3,375.951220,323.792683,28.105841,11.501824,99.805603
/home/bl6/Mancini/Data/MCF-7 time course/20151026_E2_24hrs_Greb_EI_1_R3D_D3D_PRJ_w676.tif,1440,4,396.666066,622.499550,111.507847,29.876107,3,1,350.650000,619.050000,46.145181,6.637026,154.410996
/home/bl6/Mancini/Data/MCF-7 time course/20151026_E2_24hrs_Greb_EI_1_R3D_D3D_PRJ_w676.tif,1440,4,396.666066,622.499550,111.507847,29.876107,3,2,410.571429,654.285714,34.694659,15.142675,36.496156
/home/bl6/Mancini/Data/MCF-7 time course/20151026_E2_24hrs_Greb_EI_1_R3D_D3D_PRJ_w676.tif,1440,4,396.666066,622.499550,111.507847,29.876107,3,3,434.285714,607.000000,40.687516,4.198209,307.731900
/home/bl6/Mancini/Data/MCF-7 time course/20151026_E2_24hrs_Greb_EI_1_R3D_D3D_PRJ_w676.tif,1440,5,406.960959,191.108061,108.258949,-25.183635,3,1,398.181818,154.787879,37.366147,5.904045,281.595015
/home/bl6/Mancini/Data/MCF-7 time course/20151026_E2_24hrs_Greb_EI_1_R3D_D3D_PRJ_w676.tif,1440,5,406.960959,191.108061,108.258949,-25.183635,3,2,434.809524,172.738095,33.361628,19.427731,351.773281
/home/bl6/Mancini/Data/MCF-7 time course/20151026_E2_24hrs_Greb_EI_1_R3D_D3D_PRJ_w676.tif,1440,5,406.960959,191.108061,108.258949,-25.183635,3,3,443.315789,188.157895,36.474336,18.717803,20.544292
/home/bl6/Mancini/Data/MCF-7 time course/20151026_E2_24hrs_Greb_EI_1_R3D_D3D_PRJ_w676.tif,1440,6,535.216472,559.128763,117.660529,-32.017243,1,1,498.269231,563.692308,37.228008,18.414356,204.976009
/home/bl6/Mancini/Data/MCF-7 time course/20151026_E2_24hrs_Greb_EI_1_R3D_D3D_PRJ_w676.tif,1440,7,559.540803,297.743463,79.812280,-52.197516,1,1,555.187500,276.750000,21.440073,11.950292,310.482429
/home/bl6/Mancini/Data/MCF-7 time course/20151026_E2_24hrs_Greb_EI_1_R3D_D3D_PRJ_w676.tif,1440,8,636.607313,402.126405,130.115333,-45.615305,3,1,608.148148,430.318519,40.058948,25.336987,180.885393
/home/bl6/Mancini/Data/MCF-7 time course/20151026_E2_24hrs_Greb_EI_1_R3D_D3D_PRJ_w676.tif,1440,8,636.607313,402.126405,130.115333,-45.615305,3,2,620.368421,393.684211,18.302247,27.471969,253.084101
/home/bl6/Mancini/Data/MCF-7 time course/20151026_E2_24hrs_Greb_EI_1_R3D_D3D_PRJ_w676.tif,1440,8,636.607313,402.126405,130.115333,-45.615305,3,3,648.714286,432.178571,32.399251,17.024201,113.672513
/home/bl6/Mancini/Data/MCF-7 time course/20151026_E2_24hrs_Greb_EI_1_R3D_D3D_PRJ_w676.tif,1440,9,721.891351,600.844753,124.277914,-54.936672,1,1,678.727273,633.090909,53.879052,6.928563,198.174735
/home/bl6/Mancini/Data/MCF-7 time course/20151026_E2_24hrs_Greb_EI_2_R3D_D3D_PRJ_w676.tif,1440,1,97.227304,703.456423,122.494898,5.136946,2,1,76.200000,700.466667,21.238789,38.589170,182.955383
/home/bl6/Mancini/Data/MCF-7 time course/20151026_E2_24hrs_Greb_EI_2_R3D_D3D_PRJ_w676.tif,1440,1,97.227304,703.456423,122.494898,5.136946,2,2,99.217391,731.434783,28.049047,16.580742,80.794484
/home/bl6/Mancini/Data/MCF-7 time course/20151026_E2_24hrs_Greb_EI_2_R3D_D3D_PRJ_w676.tif,1440,2,110.052773,527.394524,108.903627,7.376628,1,1,145.400000,533.800000,35.922925,17.888542,2.894806
/home/bl6/Mancini/Data/MCF-7 time course/20151026_E2_24hrs_Greb_EI_2_R3D_D3D_PRJ_w676.tif,1440,3,189.077792,303.409610,97.948966,27.233395,1,1,190.333333,262.500000,40.928873,6.519690,244.524497
/home/bl6/Mancini/Data/MCF-7 time course/20151026_E2_24hrs_Greb_EI_2_R3D_D3D_PRJ_w676.tif,1440,4,246.098493,728.122819,106.329676,31.142647,1,1,252.500000,692.000000,36.685655,9.123760,248.906694
/home/bl6/Mancini/Data/MCF-7 time course/20151026_E2_24hrs_Greb_EI_2_R3D_D3D_PRJ_w676.tif,1440,5,293.621888,604.855240,99.408249,-85.260279,3,1,305.038462,628.076923,25.876335,20.936572,149.079969
/home/bl6/Mancini/Data/MCF-7 time course/20151026_E2_24hrs_Greb_EI_2_R3D_D3D_PRJ_w676.tif,1440,5,293.621888,604.855240,99.408249,-85.260279,3,2,312.100000,569.450000,39.937096,8.409067,22.820485
/home/bl6/Mancini/Data/MCF-7 time course/20151026_E2_24hrs_Greb_EI_2_R3D_D3D_PRJ_w676.tif,1440,5,293.621888,604.855240,99.408249,-85.260279,3,3,329.909091,591.818182,38.558086,5.405835,65.498222
/home/bl6/Mancini/Data/MCF-7 time course/20151026_E2_24hrs_Greb_EI_2_R3D_D3D_PRJ_w676.tif,1440,6,590.568124,147.485815,117.800679,-37.050925,4,1,574.900000,127.600000,25.316709,19.619296,268.816190
/home/bl6/Mancini/Data/MCF-7 time course/20151026_E2_24hrs_Greb_EI_2_R3D_D3D_PRJ_w676.tif,1440,6,590.568124,147.485815,117.800679,-37.050925,4,2,612.826087,103.217391,49.549069,4.744492,333.743968
/home/bl6/Mancini/Data/MCF-7 time course/20151026_E2_24hrs_Greb_EI_2_R3D_D3D_PRJ_w676.tif,1440,6,590.568124,147.485815,117.800679,-37.050925,4,3,628.551724,140.758621,38.574720,16.677518,27.007538
/home/bl6/Mancini/Data/MCF-7 time course/20151026_E2_24hrs_Greb_EI_2_R3D_D3D_PRJ_w676.tif,1440,6,590.568124,147.485815,117.800679,-37.050925,4,4,637.903226,125.951613,52.003209,5.448381,12.588668
/home/bl6/Mancini/Data/MCF-7 time course/20151026_E2_24hrs_Greb_EI_3_R3D_D3D_PRJ_w676.tif,1440,1,217.548323,581.152939,95.587656,-47.784297,3,1,185.741935,584.612903,31.994025,12.817213,221.575957
/home/bl6/Mancini/Data/MCF-7 time course/20151026_E2_24hrs_Greb_EI_3_R3D_D3D_PRJ_w676.tif,1440,1,217.548323,581.152939,95.587656,-47.784297,3,2,200.294118,611.764706,35.139548,12.878157,167.191913
/home/bl6/Mancini/Data/MCF-7 time course/20151026_E2_24hrs_Greb_EI_3_R3D_D3D_PRJ_w676.tif,1440,1,217.548323,581.152939,95.587656,-47.784297,3,3,242.058824,553.823529,36.710506,11.870831,359.671778
/home/bl6/Mancini/Data/MCF-7 time course/20151026_E2_24hrs_Greb_EI_3_R3D_D3D_PRJ_w676.tif,1440,2,296.318520,397.095978,98.615415,67.554986,3,1,289.500000,428.500000,32.135724,11.768602,34.695081
/home/bl6/Mancini/Data/MCF-7 time course/20151026_E2_24hrs_Greb_EI_3_R3D_D3D_PRJ_w676.tif,1440,2,296.318520,397.095978,98.615415,67.554986,3,2,290.083333,402.916667,8.529828,29.117481,69.414149
/home/bl6/Mancini/Data/MCF-7 time course/20151026_E2_24hrs_Greb_EI_3_R3D_D3D_PRJ_w676.tif,1440,2,296.318520,397.095978,98.615415,67.554986,3,3,305.571429,439.714286,43.611196,6.445745,10.195570
/home/bl6/Mancini/Data/MCF-7 time course/20151026_E2_24hrs_Greb_EI_3_R3D_D3D_PRJ_w676.tif,1440,3,327.993163,683.323743,112.111552,-2.457872,4,1,278.233333,685.366667,49.801749,7.254215,180.106875
/home/bl6/Mancini/Data/MCF-7 time course/20151026_E2_24hrs_Greb_EI_3_R3D_D3D_PRJ_w676.tif,1440,3,327.993163,683.323743,112.111552,-2.457872,4,2,302.350000,674.750000,27.038508,26.816991,200.945133
/home/bl6/Mancini/Data/MCF-7 time course/20151026_E2_24hrs_Greb_EI_3_R3D_D3D_PRJ_w676.tif,1440,3,327.993163,683.323743,112.111552,-2.457872,4,3,353.444444,698.888889,29.833563,18.025379,33.906423
/home/bl6/Mancini/Data/MCF-7 time course/20151026_E2_24hrs_Greb_EI_3_R3D_D3D_PRJ_w676.tif,1440,3,327.993163,683.323743,112.111552,-2.457872,4,4,367.633333,666.766667,42.959049,12.325664,339.788344
/home/bl6/Mancini/Data/MCF-7 time course/20151026_E2_24hrs_Greb_EI_3_R3D_D3D_PRJ_w676.tif,1440,6,624.452970,511.823529,117.085439,78.908139,2,1,595.764706,501.941176,30.342667,9.244805,120.099344
/home/bl6/Mancini/Data/MCF-7 time course/20151026_E2_24hrs_Greb_EI_3_R3D_D3D_PRJ_w676.tif,1440,6,624.452970,511.823529,117.085439,78.908139,2,2,625.909091,476.090909,35.762277,24.115449,193.425399
/home/bl6/Mancini/Data/MCF-7 time course/20151026_E2_24hrs_Greb_EI_3_R3D_D3D_PRJ_w676.tif,1440,7,690.033694,440.945582,103.479467,41.183048,2,1,655.350000,445.250000,34.949773,12.471998,131.742435
/home/bl6/Mancini/Data/MCF-7 time course/20151026_E2_24hrs_Greb_EI_3_R3D_D3D_PRJ_w676.tif,1440,7,690.033694,440.945582,103.479467,41.183048,2,2,707.239130,409.663043,35.701880,9.885049,257.627803
/home/bl6/Mancini/Data/MCF-7 time course/20151026_E2_24hrs_Greb_EI_3_R3D_D3D_PRJ_w676.tif,1440,8,809.719526,467.611496,97.128780,61.277424,4,1,776.500000,460.777778,33.915138,6.727187,130.346951
/home/bl6/Mancini/Data/MCF-7 time course/20151026_E2_24hrs_Greb_EI_3_R3D_D3D_PRJ_w676.tif,1440,8,809.719526,467.611496,97.128780,61.277424,4,2,805.250000,474.600000,8.295531,26.548475,61.323687
/home/bl6/Mancini/Data/MCF-7 time course/20151026_E2_24hrs_Greb_EI_3_R3D_D3D_PRJ_w676.tif,1440,8,809.719526,467.611496,97.128780,61.277424,4,3,821.800000,435.000000,34.777113,6.390588,229.049023
/home/bl6/Mancini/Data/MCF-7 time course/20151026_E2_24hrs_Greb_EI_3_R3D_D3D_PRJ_w676.tif,1440,8,809.719526,467.611496,97.128780,61.277424,4,4,828.000000,464.933333,18.475614,16.113645,290.387807
/home/bl6/Mancini/Data/MCF-7 time course/20151026_E2_24hrs_Greb_EI_4_R3D_D3D_PRJ_w676.tif,1440,1,296.119750,651.444457,115.039124,-23.963836,4,1,253.833333,633.333333,46.001672,7.595106,227.149116
/home/bl6/Mancini/Data/MCF-7 time course/20151026_E2_24hrs_Greb_EI_4_R3D_D3D_PRJ_w676.tif,1440,1,296.119750,651.444457,115.039124,-23.963836,4,2,279.636364,663.909091,20.665651,34.764727,166.867491
/home/bl6/Mancini/Data/MCF-7 time course/20151026_E2_24hrs_Greb_EI_4_R3D_D3D_PRJ_w676.tif,1440,1,296.119750,651.444457,115.039124,-23.963836,4,3,303.200000,651.866667,7.092827,48.900424,27.376461
/home/bl6/Mancini/Data/MCF-7 time course/20151026_E2_24hrs_Greb_EI_4_R3D_D3D_PRJ_w676.tif,1440,1,296.119750,651.444457,115.039124,-23.963836,4,4,321.666667,685.909091,42.900536,7.473877,77.416138
/home/bl6/Mancini/Data/MCF-7 time course/20151026_E2_24hrs_Greb_EI_4_R3D_D3D_PRJ_w676.tif,1440,2,464.586809,353.835039,97.984693,-14.422178,3,1,447.807692,375.692308,27.555017,17.930546,141.934459
/home/bl6/Mancini/Data/MCF-7 time course/20151026_E2_24hrs_Greb_EI_4_R3D_D3D_PRJ_w676.tif,1440,2,464.586809,353.835039,97.984693,-14.422178,3,2,450.000000,386.250000,35.545812,8.711319,128.650036
/home/bl6/Mancini/Data/MCF-7 time course/20151026_E2_24hrs_Greb_EI_4_R3D_D3D_PRJ_w676.tif,1440,2,464.586809,353.835039,97.984693,-14.422178,3,3,469.421053,350.842105,5.685733,41.748486,342.660071
/home/bl6/Mancini/Data/MCF-7 time course/20151026_E2_24hrs_Greb_EI_4_R3D_D3D_PRJ_w676.tif,1440,3,535.402785,280.369998,95.441081,-54.937313,2,1,510.952381,313.428571,41.118019,5.432272,181.424260
/home/bl6/Mancini/Data/MCF-7 time course/20151026_E2_24hrs_Greb_EI_4_R3D_D3D_PRJ_w676.tif,1440,3,535.402785,280.369998,95.441081,-54.937313,2,2,567.753623,266.304348,35.276327,5.730104,31.438645
/home/bl6/Mancini/Data/MCF-7 time course/20151026_E2_24hrs_Greb_EI_4_R3D_D3D_PRJ_w676.tif,1440,4,568.107191,446.323189,113.569362,49.949905,3,1,539.047619,422.523810,37.561538,19.577050,169.367087
/home/bl6/Mancini/Data/MCF-7 time course/20151026_E2_24hrs_Greb_EI_4_R3D_D3D_PRJ_w676.tif,1440,4,568.107191,446.323189,113.569362,49.949905,3,2,585.470588,463.352941,24.320774,32.657039,354.494291
/home/bl6/Mancini/Data/MCF-7 time course/20151026_E2_24hrs_Greb_EI_4_R3D_D3D_PRJ_w676.tif,1440,4,568.107191,446.323189,113.569362,49.949905,3,3,611.900000,452.750000,44.261880,3.103881,318.398938
/home/bl6/Mancini/Data/MCF-7 time course/20151026_E2_24hrs_Greb_EI_4_R3D_D3D_PRJ_w676.tif,1440,5,578.819410,549.313156,97.308787,50.455692,3,1,557.263158,537.526316,24.568305,23.310357,158.213903
/home/bl6/Mancini/Data/MCF-7 time course/20151026_E2_24hrs_Greb_EI_4_R3D_D3D_PRJ_w676.tif,1440,5,578.819410,549.313156,97.308787,50.455692,3,2,570.322581,512.629032,37.655292,8.931634,206.503340
/home/bl6/Mancini/Data/MCF-7 time course/20151026_E2_24hrs_Greb_EI_4_R3D_D3D_PRJ_w676.tif,1440,5,578.819410,549.313156,97.308787,50.455692,3,3,607.071429,521.142857,39.896645,5.707416,264.627292
/home/bl6/Mancini/Data/MCF-7 time course/20151026_E2_24hrs_Greb_EI_4_R3D_D3D_PRJ_w676.tif,1440,6,594.348932,345.297407,107.042048,88.165421,2,1,597.083333,301.041667,44.340135,8.084565,185.370182
/home/bl6/Mancini/Data/MCF-7 time course/20151026_E2_24hrs_Greb_EI_4_R3D_D3D_PRJ_w676.tif,1440,6,594.348932,345.297407,107.042048,88.165421,2,2,617.892857,358.000000,26.752052,11.271312,300.182656
/home/bl6/Mancini/Data/MCF-7 time course/20151026_E2_24hrs_Greb_EI_4_R3D_D3D_PRJ_w676.tif,1440,7,626.295475,230.855165,97.000000,-41.953112,4,1,595.767442,218.488372,32.937795,11.665039,244.005799
/home/bl6/Mancini/Data/MCF-7 time course/20151026_E2_24hrs_Greb_EI_4_R3D_D3D_PRJ_w676.tif,1440,7,626.295475,230.855165,97.000000,-41.953112,4,2,596.538462,245.884615,33.337130,13.057054,195.156025
/home/bl6/Mancini/Data/MCF-7 time course/20151026_E2_24hrs_Greb_EI_4_R3D_D3D_PRJ_w676.tif,1440,7,626.295475,230.855165,97.000000,-41.953112,4,3,633.395349,189.116279,42.338432,4.159481,321.606845
/home/bl6/Mancini/Data/MCF-7 time course/20151026_E2_24hrs_Greb_EI_4_R3D_D3D_PRJ_w676.tif,1440,7,626.295475,230.855165,97.000000,-41.953112,4,4,654.344828,229.034483,28.108381,17.685239,38.239255
/home/bl6/Mancini/Data/MCF-7 time course/20151026_E2_24hrs_Greb_EI_4_R3D_D3D_PRJ_w676.tif,1440,8,836.874919,283.103482,97.082439,55.419309,3,1,809.894737,254.263158,39.492968,8.600844,171.489288
/home/bl6/Mancini/Data/MCF-7 time course/20151026_E2_24hrs_Greb_EI_4_R3D_D3D_PRJ_w676.tif,1440,8,836.874919,283.103482,97.082439,55.419309,3,2,855.705882,310.705882,33.414034,11.224769,0.278026
/home/bl6/Mancini/Data/MCF-7 time course/20151026_E2_24hrs_Greb_EI_4_R3D_D3D_PRJ_w676.tif,1440,8,836.874919,283.103482,97.082439,55.419309,3,3,869.840000,296.280000,35.500946,12.115313,326.367844
/home/bl6/Mancini/Data/MCF-7 time course/20151026_E2_24hrs_Greb_EI_5_R3D_D3D_PRJ_w676.tif,1440,1,435.382258,822.468669,100.000000,53.437983,2,1,439.545455,847.272727,25.151014,22.986886,27.034111
/home/bl6/Mancini/Data/MCF-7 time course/20151026_E2_24hrs_Greb_EI_5_R3D_D3D_PRJ_w676.tif,1440,1,435.382258,822.468669,100.000000,53.437983,2,2,455.800000,794.100000,34.952332,3.801240,252.305661
/home/bl6/Mancini/Data/MCF-7 time course/20151026_E2_24hrs_Greb_EI_5_R3D_D3D_PRJ_w676.tif,1440,2,536.571170,464.668475,100.304536,-20.451728,3,1,512.750000,495.500000,38.961919,7.258115,148.142257
/home/bl6/Mancini/Data/MCF-7 time course/20151026_E2_24hrs_Greb_EI_5_R3D_D3D_PRJ_w676.tif,1440,2,536.571170,464.668475,100.304536,-20.451728,3,2,528.500000,435.625000,30.144107,5.821299,274.921137
/home/bl6/Mancini/Data/MCF-7 time course/20151026_E2_24hrs_Greb_EI_5_R3D_D3D_PRJ_w676.tif,1440,2,536.571170,464.668475,100.304536,-20.451728,3,3,561.821918,457.054795,26.373630,23.271692,3.672463
/home/bl6/Mancini/Data/MCF-7 time course/20151026_E2_24hrs_Greb_EI_5_R3D_D3D_PRJ_w676.tif,1440,3,626.797219,519.631120,97.015463,8.372713,4,1,632.090909,479.954545,40.028161,4.041659,269.226868
/home/bl6/Mancini/Data/MCF-7 time course/20151026_E2_24hrs_Greb_EI_5_R3D_D3D_PRJ_w676.tif,1440,3,626.797219,519.631120,97.015463,8.372713,4,2,644.529412,520.588235,17.758004,31.501768,354.716895
/home/bl6/Mancini/Data/MCF-7 time course/20151026_E2_24hrs_Greb_EI_5_R3D_D3D_PRJ_w676.tif,1440,3,626.797219,519.631120,97.015463,8.372713,4,3,646.000000,549.500000,35.509109,9.012884,48.890219
/home/bl6/Mancini/Data/MCF-7 time course/20151026_E2_24hrs_Greb_EI_5_R3D_D3D_PRJ_w676.tif,1440,3,626.797219,519.631120,97.015463,8.372713,4,4,667.944444,536.222222,44.366190,4.426301,13.587228
/home/bl6/Mancini/Data/MCF-7 time course/20151026_E2_24hrs_Greb_EI_6_R3D_D3D_PRJ_w676.tif,1440,1,181.632969,771.602917,114.769334,48.660012,2,1,175.500000,806.769231,35.697100,9.351354,51.232816
/home/bl6/Mancini/Data/MCF-7 time course/20151026_E2_24hrs_Greb_EI_6_R3D_D3D_PRJ_w676.tif,1440,1,181.632969,771.602917,114.769334,48.660012,2,2,214.827586,795.758621,41.053388,17.485445,347.383347
/home/bl6/Mancini/Data/MCF-7 time course/20151026_E2_24hrs_Greb_EI_6_R3D_D3D_PRJ_w676.tif,1440,2,188.583808,619.836939,101.636608,-23.612901,3,1,157.411765,648.382353,42.267445,8.522882,161.131391
/home/bl6/Mancini/Data/MCF-7 time course/20151026_E2_24hrs_Greb_EI_6_R3D_D3D_PRJ_w676.tif,1440,2,188.583808,619.836939,101.636608,-23.612901,3,2,174.974359,580.538462,41.588308,4.936225,274.511429
/home/bl6/Mancini/Data/MCF-7 time course/20151026_E2_24hrs_Greb_EI_6_R3D_D3D_PRJ_w676.tif,1440,2,188.583808,619.836939,101.636608,-23.612901,3,3,196.961538,603.384615,18.462538,31.665665,320.598670
/home/bl6/Mancini/Data/MCF-7 time course/20151026_E2_24hrs_Greb_EI_6_R3D_D3D_PRJ_w676.tif,1440,3,277.371298,763.905849,108.240473,-73.648948,4,1,269.203390,803.610169,40.535759,14.740669,175.273568
/home/bl6/Mancini/Data/MCF-7 time course/20151026_E2_24hrs_Greb_EI_6_R3D_D3D_PRJ_w676.tif,1440,3,277.371298,763.905849,108.240473,-73.648948,4,2,268.603774,736.962264,28.334189,23.239074,325.623902
/home/bl6/Mancini/Data/MCF-7 time course/20151026_E2_24hrs_Greb_EI_6_R3D_D3D_PRJ_w676.tif,1440,3,277.371298,763.905849,108.240473,-73.648948,4,3,280.454545,771.090909,7.818664,43.595365,140.423847
/home/bl6/Mancini/Data/MCF-7 time course/20151026_E2_24hrs_Greb_EI_6_R3D_D3D_PRJ_w676.tif,1440,3,277.371298,763.905849,108.240473,-73.648948,4,4,297.923077,801.115385,42.507942,10.231996,134.735954
/home/bl6/Mancini/Data/MCF-7 time course/20151026_E2_24hrs_Greb_EI_6_R3D_D3D_PRJ_w676.tif,1440,4,295.827460,610.310188,99.282425,63.890116,3,1,286.551724,570.517241,40.859735,7.673634,192.988542
/home/bl6/Mancini/Data/MCF-7 time course/20151026_E2_24hrs_Greb_EI_6_R3D_D3D_PRJ_w676.tif,1440,4,295.827460,610.310188,99.282425,63.890116,3,2,298.000000,639.500000,29.270549,18.524672,21.853321
/home/bl6/Mancini/Data/MCF-7 time course/20151026_E2_24hrs_Greb_EI_6_R3D_D3D_PRJ_w676.tif,1440,4,295.827460,610.310188,99.282425,63.890116,3,3,332.540000,624.300000,39.287726,2.548603,316.969906
/home/bl6/Mancini/Data/MCF-7 time course/20151026_E2_24hrs_Greb_EI_6_R3D_D3D_PRJ_w676.tif,1440,5,308.854558,470.718370,105.678759,-29.271887,3,1,276.500000,451.800000,37.479623,6.162732,239.587585
/home/bl6/Mancini/Data/MCF-7 time course/20151026_E2_24hrs_Greb_EI_6_R3D_D3D_PRJ_w676.tif,1440,5,308.854558,470.718370,105.678759,-29.271887,3,2,297.277778,468.500000,11.787409,34.888607,220.119544
/home/bl6/Mancini/Data/MCF-7 time course/20151026_E2_24hrs_Greb_EI_6_R3D_D3D_PRJ_w676.tif,1440,5,308.854558,470.718370,105.678759,-29.271887,3,3,311.153846,486.615385,16.062434,26.663467,111.041901
/home/bl6/Mancini/Data/MCF-7 time course/20151026_E2_24hrs_Greb_EI_6_R3D_D3D_PRJ_w676.tif,1440,6,399.494197,635.518795,123.648696,71.229779,4,1,382.621622,598.756757,40.449119,19.736037,174.116643
/home/bl6/Mancini/Data/MCF-7 time course/20151026_E2_24hrs_Greb_EI_6_R3D_D3D_PRJ_w676.tif,1440,6,399.494197,635.518795,123.648696,71.229779,4,2,414.611111,689.222222,55.790494,5.938392,3.048903
/home/bl6/Mancini/Data/MCF-7 time course/20151026_E2_24hrs_Greb_EI_6_R3D_D3D_PRJ_w676.tif,1440,6,399.494197,635.518795,123.648696,71.229779,4,3,430.217391,673.086957,48.531242,10.419799,339.493965
/home/bl6/Mancini/Data/MCF-7 time course/20151026_E2_24hrs_Greb_EI_6_R3D_D3D_PRJ_w676.tif,1440,6,399.494197,635.518795,123.648696,71.229779,4,4,441.208333,633.375000,41.769188,5.803343,285.828235
/home/bl6/Mancini/Data/MCF-7 time course/20151026_E2_24hrs_Greb_EI_6_R3D_D3D_PRJ_w676.tif,1440,7,517.880020,717.478693,119.816526,56.542662,3,1,512.090909,733.477273,17.013769,29.314183,53.350073
/home/bl6/Mancini/Data/MCF-7 time course/20151026_E2_24hrs_Greb_EI_6_R3D_D3D_PRJ_w676.tif,1440,7,517.880020,717.478693,119.816526,56.542662,3,2,521.714286,753.523810,36.248476,16.628190,27.385386
/home/bl6/Mancini/Data/MCF-7 time course/20151026_E2_24hrs_Greb_EI_6_R3D_D3D_PRJ_w676.tif,1440,7,517.880020,717.478693,119.816526,56.542662,3,3,553.358974,716.820513,35.485059,8.637518,302.394549
/home/bl6/Mancini/Data/MCF-7 time course/20151026_E2_24hrs_Greb_EI_6_R3D_D3D_PRJ_w676.tif,1440,8,566.871560,400.734362,85.023526,88.951349,3,1,545.974359,403.410256,21.067829,11.087917,83.751614
/home/bl6/Mancini/Data/MCF-7 time course/20151026_E2_24hrs_Greb_EI_6_R3D_D3D_PRJ_w676.tif,1440,8,566.871560,400.734362,85.023526,88.951349,3,2,571.833333,366.416667,34.674535,8.497023,189.275666
/home/bl6/Mancini/Data/MCF-7 time course/20151026_E2_24hrs_Greb_EI_6_R3D_D3D_PRJ_w676.tif,1440,8,566.871560,400.734362,85.023526,88.951349,3,3,582.818182,424.181818,28.356268,7.163186,326.829019
/home/bl6/Mancini/Data/MCF-7 time course/20151026_E2_24hrs_Greb_EI_7_R3D_D3D_PRJ_w676.tif,1440,2,160.740382,380.077756,101.178061,3.174188,1,1,200.416667,383.527778,39.826000,12.664916,1.795423
/home/bl6/Mancini/Data/MCF-7 time course/20151026_E2_24hrs_Greb_EI_7_R3D_D3D_PRJ_w676.tif,1440,3,340.904387,205.201055,120.353646,-81.385018,1,1,359.461538,220.000000,23.735556,28.844099,119.956655
/home/bl6/Mancini/Data/MCF-7 time course/20151026_E2_24hrs_Greb_EI_7_R3D_D3D_PRJ_w676.tif,1440,4,470.269880,290.739291,119.670381,41.930070,2,1,473.166667,331.111111,40.475613,13.913158,43.965838
/home/bl6/Mancini/Data/MCF-7 time course/20151026_E2_24hrs_Greb_EI_7_R3D_D3D_PRJ_w676.tif,1440,4,470.269880,290.739291,119.670381,41.930070,2,2,486.243243,269.486486,26.586275,20.844452,264.998032
/home/bl6/Mancini/Data/MCF-7 time course/20151026_E2_24hrs_Greb_EI_7_R3D_D3D_PRJ_w676.tif,1440,6,505.689667,853.335026,92.649879,13.671352,2,1,515.857143,852.214286,10.229058,36.387564,340.038443
/home/bl6/Mancini/Data/MCF-7 time course/20151026_E2_24hrs_Greb_EI_7_R3D_D3D_PRJ_w676.tif,1440,6,505.689667,853.335026,92.649879,13.671352,2,2,543.100000,841.050000,39.375816,5.296964,328.149197
/home/bl6/Mancini/Data/MCF-7 time course/20151026_E2_24hrs_Greb_EI_7_R3D_D3D_PRJ_w676.tif,1440,7,560.254316,365.092445,105.683490,-6.818782,1,1,583.921053,326.789474,45.024794,4.317016,308.529976
/home/bl6/Mancini/Data/MCF-7 time course/20151026_E2_24hrs_Greb_EI_7_R3D_D3D_PRJ_w676.tif,1440,8,615.104038,764.334660,104.235311,80.865554,2,1,594.472000,789.104000,32.236644,11.617570,48.927620
/home/bl6/Mancini/Data/MCF-7 time course/20151026_E2_24hrs_Greb_EI_7_R3D_D3D_PRJ_w676.tif,1440,8,615.104038,764.334660,104.235311,80.865554,2,2,639.928571,795.428571,39.788049,8.299854,330.531531
/home/bl6/Mancini/Data/MCF-7 time course/20151026_E2_24hrs_Greb_EI_7_R3D_D3D_PRJ_w676.tif,1440,9,624.955911,647.825611,70.455660,6.554815,1,1,638.153846,630.115385,22.087046,12.800176,300.139234
/home/bl6/Mancini/Data/MCF-7 time course/20151026_E2_24hrs_Greb_EI_7_R3D_D3D_PRJ_w676.tif,1440,11,673.295975,170.219567,127.389168,21.841168,3,1,648.555556,185.333333,28.991625,14.711212,126.738336
/home/bl6/Mancini/Data/MCF-7 time course/20151026_E2_24hrs_Greb_EI_7_R3D_D3D_PRJ_w676.tif,1440,11,673.295975,170.219567,127.389168,21.841168,3,2,676.935484,180.064516,10.496145,36.015604,47.870345
/home/bl6/Mancini/Data/MCF-7 time course/20151026_E2_24hrs_Greb_EI_7_R3D_D3D_PRJ_w676.tif,1440,11,673.295975,170.219567,127.389168,21.841168,3,3,728.055556,178.722222,55.415763,8.046443,346.984809
/home/bl6/Mancini/Data/MCF-7 time course/20151026_E2_24hrs_Greb_EI_7_R3D_D3D_PRJ_w676.tif,1440,12,692.894005,519.958473,102.396289,-31.899442,3,1,670.250000,510.937500,24.374760,16.364797,233.620908
/home/bl6/Mancini/Data/MCF-7 time course/20151026_E2_24hrs_Greb_EI_7_R3D_D3D_PRJ_w676.tif,1440,12,692.894005,519.958473,102.396289,-31.899442,3,2,711.722222,521.277778,18.874383,26.334042,35.907642
/home/bl6/Mancini/Data/MCF-7 time course/20151026_E2_24hrs_Greb_EI_7_R3D_D3D_PRJ_w676.tif,1440,12,692.894005,519.958473,102.396289,-31.899442,3,3,725.687500,494.687500,41.400910,10.666803,354.281260
/home/bl6/Mancini/Data/MCF-7 time course/20151026_E2_24hrs_Greb_EI_8_R3D_D3D_PRJ_w676.tif,1440,1,448.207744,428.712046,106.780148,-33.800413,4,1,431.428571,397.047619,35.835409,5.597811,275.881025
/home/bl6/Mancini/Data/MCF-7 time course/20151026_E2_24hrs_Greb_EI_8_R3D_D3D_PRJ_w676.tif,1440,1,448.207744,428.712046,106.780148,-33.800413,4,2,441.125000,445.450000,18.174828,30.098978,146.736292
/home/bl6/Mancini/Data/MCF-7 time course/20151026_E2_24hrs_Greb_EI_8_R3D_D3D_PRJ_w676.tif,1440,1,448.207744,428.712046,106.780148,-33.800413,4,3,466.333333,405.400000,29.529451,23.529260,341.666206
/home/bl6/Mancini/Data/MCF-7 time course/20151026_E2_24hrs_Greb_EI_8_R3D_D3D_PRJ_w676.tif,1440,1,448.207744,428.712046,106.780148,-33.800413,4,4,488.363636,428.090909,40.160696,6.636977,32.914226
/home/bl6/Mancini/Data/MCF-7 time course/20151026_E2_24hrs_Greb_EI_8_R3D_D3D_PRJ_w676.tif,1440,2,483.971290,658.720498,91.411159,-79.660334,3,1,461.120000,680.040000,31.252242,8.541060,216.646484
/home/bl6/Mancini/Data/MCF-7 time course/20151026_E2_24hrs_Greb_EI_8_R3D_D3D_PRJ_w676.tif,1440,2,483.971290,658.720498,91.411159,-79.660334,3,2,483.096154,691.442308,32.733510,11.556643,171.192329
/home/bl6/Mancini/Data/MCF-7 time course/20151026_E2_24hrs_Greb_EI_8_R3D_D3D_PRJ_w676.tif,1440,2,483.971290,658.720498,91.411159,-79.660334,3,3,480.133333,657.000000,4.205951,26.521954,283.806310
/home/bl6/Mancini/Data/MCF-7 time course/20151026_E2_24hrs_Greb_EI_8_R3D_D3D_PRJ_w676.tif,1440,3,633.555199,245.467694,117.345643,57.338805,3,1,634.935484,195.677419,49.809403,3.677808,214.249141
/home/bl6/Mancini/Data/MCF-7 time course/20151026_E2_24hrs_Greb_EI_8_R3D_D3D_PRJ_w676.tif,1440,3,633.555199,245.467694,117.345643,57.338805,3,2,635.578947,229.052632,16.539342,37.315368,219.689501
/home/bl6/Mancini/Data/MCF-7 time course/20151026_E2_24hrs_Greb_EI_8_R3D_D3D_PRJ_w676.tif,1440,3,633.555199,245.467694,117.345643,57.338805,3,3,675.588235,247.705882,42.092584,9.414504,305.709221
/home/bl6/Mancini/Data/MCF-7 time course/20151026_E2_24hrs_Greb_EI_8_R3D_D3D_PRJ_w676.tif,1440,4,796.198460,358.396250,116.077560,-22.782955,2,1,805.083333,351.666667,11.145773,43.934935,345.641931
/home/bl6/Mancini/Data/MCF-7 time course/20151026_E2_24hrs_Greb_EI_8_R3D_D3D_PRJ_w676.tif,1440,4,796.198460,358.396250,116.077560,-22.782955,2,2,833.538462,350.923077,38.080494,19.852998,11.465391
/home/bl6/Mancini/Data/MCF-7 time course/20151026_E2_8hrs_Greb_EI_1_R3D_D3D_PRJ_w676.tif,480,2,106.228750,479.829618,115.624392,40.463307,1,1,64.833333,454.583333,48.486652,4.618220,170.914922
/home/bl6/Mancini/Data/MCF-7 time course/20151026_E2_8hrs_Greb_EI_1_R3D_D3D_PRJ_w676.tif,480,3,153.646300,408.837634,109.658561,46.800792,2,1,173.900000,442.200000,39.028962,19.602174,11.938013
/home/bl6/Mancini/Data/MCF-7 time course/20151026_E2_8hrs_Greb_EI_1_R3D_D3D_PRJ_w676.tif,480,3,153.646300,408.837634,109.658561,46.800792,2,2,193.000000,409.500000,39.359274,11.007840,314.163468
/home/bl6/Mancini/Data/MCF-7 time course/20151026_E2_8hrs_Greb_EI_2_R3D_D3D_PRJ_w676.tif,480,2,170.012715,584.705912,118.296238,72.645299,2,1,161.344262,599.311475,16.984244,32.152563,48.043978
/home/bl6/Mancini/Data/MCF-7 time course/20151026_E2_8hrs_Greb_EI_2_R3D_D3D_PRJ_w676.tif,480,2,170.012715,584.705912,118.296238,72.645299,2,2,158.812500,529.187500,56.636904,3.285458,185.949010
/home/bl6/Mancini/Data/MCF-7 time course/20151026_E2_8hrs_Greb_EI_2_R3D_D3D_PRJ_w676.tif,480,3,401.108324,233.728439,109.041277,41.989385,4,1,372.916667,259.541667,38.224236,9.462743,95.532349
/home/bl6/Mancini/Data/MCF-7 time course/20151026_E2_8hrs_Greb_EI_2_R3D_D3D_PRJ_w676.tif,480,3,401.108324,233.728439,109.041277,41.989385,4,2,392.705882,195.294118,39.342065,13.565650,215.678736
/home/bl6/Mancini/Data/MCF-7 time course/20151026_E2_8hrs_Greb_EI_2_R3D_D3D_PRJ_w676.tif,480,3,401.108324,233.728439,109.041277,41.989385,4,3,405.500000,193.000000,40.964528,7.013929,234.164940
/home/bl6/Mancini/Data/MCF-7 time course/20151026_E2_8hrs_Greb_EI_2_R3D_D3D_PRJ_w676.tif,480,3,401.108324,233.728439,109.041277,41.989385,4,4,449.703704,227.074074,49.048869,3.277205,310.213362
/home/bl6/Mancini/Data/MCF-7 time course/20151026_E2_8hrs_Greb_EI_2_R3D_D3D_PRJ_w676.tif,480,4,423.568004,424.357268,124.326184,-86.228461,2,1,421.666667,481.333333,57.007781,5.687566,178.139758
/home/bl6/Mancini/Data/MCF-7 time course/20151026_E2_8hrs_Greb_EI_2_R3D_D3D_PRJ_w676.tif,480,4,423.568004,424.357268,124.326184,-86.228461,2,2,448.095238,390.666667,41.673035,13.276047,32.283609
/home/bl6/Mancini/Data/MCF-7 time course/20151026_E2_8hrs_Greb_EI_2_R3D_D3D_PRJ_w676.tif,480,5,562.318889,318.176400,169.814605,71.307149,3,1,528.100000,258.000000,69.225223,16.173997,169.068429
/home/bl6/Mancini/Data/MCF-7 time course/20151026_E2_8hrs_Greb_EI_2_R3D_D3D_PRJ_w676.tif,480,5,562.318889,318.176400,169.814605,71.307149,3,2,561.232558,369.976744,51.811734,30.044718,19.894254
/home/bl6/Mancini/Data/MCF-7 time course/20151026_E2_8hrs_Greb_EI_2_R3D_D3D_PRJ_w676.tif,480,5,562.318889,318.176400,169.814605,71.307149,3,3,620.607143,312.035714,58.610823,9.449691,282.678907
/home/bl6/Mancini/Data/MCF-7 time course/20151026_E2_8hrs_Greb_EI_2_R3D_D3D_PRJ_w676.tif,480,6,567.669507,453.782814,97.984693,75.862197,4,1,566.304348,419.869565,33.940714,14.870659,191.832638
/home/bl6/Mancini/Data/MCF-7 time course/20151026_E2_8hrs_Greb_EI_2_R3D_D3D_PRJ_w676.tif,480,6,567.669507,453.782814,97.984693,75.862197,4,2,578.700000,498.300000,45.863402,3.905445,0.221307
/home/bl6/Mancini/Data/MCF-7 time course/20151026_E2_8hrs_Greb_EI_2_R3D_D3D_PRJ_w676.tif,480,6,567.669507,453.782814,97.984693,75.862197,4,3,582.692308,486.846154,36.316236,13.261207,349.702452
/home/bl6/Mancini/Data/MCF-7 time course/20151026_E2_8hrs_Greb_EI_2_R3D_D3D_PRJ_w676.tif,480,6,567.669507,453.782814,97.984693,75.862197,4,4,592.266667,455.200000,24.637952,6.770896,287.435303
/home/bl6/Mancini/Data/MCF-7 time course/20151026_E2_8hrs_Greb_EI_2_R3D_D3D_PRJ_w676.tif,480,7,688.133812,264.833491,96.384646,-67.374833,2,1,690.291667,232.291667,32.613290,13.309732,341.168573
/home/bl6/Mancini/Data/MCF-7 time course/20151026_E2_8hrs_Greb_EI_2_R3D_D3D_PRJ_w676.tif,480,7,688.133812,264.833491,96.384646,-67.374833,2,2,706.583333,288.583333,30.073906,4.181269,119.533804
/home/bl6/Mancini/Data/MCF-7 time course/20151026_E2_8hrs_Greb_EI_2_R3D_D3D_PRJ_w676.tif,480,8,705.186691,387.847074,107.079410,-78.901187,2,1,694.176471,350.529412,38.908005,10.997953,332.462995
/home/bl6/Mancini/Data/MCF-7 time course/20151026_E2_8hrs_Greb_EI_2_R3D_D3D_PRJ_w676.tif,480,8,705.186691,387.847074,107.079410,-78.901187,2,2,728.772727,373.909091,27.396505,17.641943,48.320557
/home/bl6/Mancini/Data/MCF-7 time course/20151026_E2_8hrs_Greb_EI_2_R3D_D3D_PRJ_w676.tif,480,9,912.090123,791.362444,76.400262,14.795522,2,1,892.185185,802.592593,22.854382,10.657459,135.773262
/home/bl6/Mancini/Data/MCF-7 time course/20151026_E2_8hrs_Greb_EI_2_R3D_D3D_PRJ_w676.tif,480,9,912.090123,791.362444,76.400262,14.795522,2,2,934.923077,792.307692,22.852512,13.094684,347.575079
/home/bl6/Mancini/Data/MCF-7 time course/20151026_E2_8hrs_Greb_EI_3_R3D_D3D_PRJ_w676.tif,480,1,375.195936,369.499935,109.293184,57.503694,3,1,331.071429,357.714286,45.671367,5.343224,137.450893
/home/bl6/Mancini/Data/MCF-7 time course/20151026_E2_8hrs_Greb_EI_3_R3D_D3D_PRJ_w676.tif,480,1,375.195936,369.499935,109.293184,57.503694,3,2,380.500000,405.500000,36.388704,17.677555,24.114941
/home/bl6/Mancini/Data/MCF-7 time course/20151026_E2_8hrs_Greb_EI_3_R3D_D3D_PRJ_w676.tif,480,1,375.195936,369.499935,109.293184,57.503694,3,3,406.280000,381.400000,33.284089,15.749211,323.444897
/home/bl6/Mancini/Data/MCF-7 time course/20151026_E2_8hrs_Greb_EI_3_R3D_D3D_PRJ_w676.tif,480,2,384.651651,561.100220,106.531685,57.324027,2,1,397.933333,601.933333,42.938866,7.359849,14.657953
/home/bl6/Mancini/Data/MCF-7 time course/20151026_E2_8hrs_Greb_EI_3_R3D_D3D_PRJ_w676.tif,480,2,384.651651,561.100220,106.531685,57.324027,2,2,404.120690,577.551724,25.489124,27.209873,342.874068
/home/bl6/Mancini/Data/MCF-7 time course/20151026_E2_8hrs_Greb_EI_3_R3D_D3D_PRJ_w676.tif,480,3,433.336058,475.587138,93.648278,30.358296,2,1,404.372093,459.674419,33.047328,13.182277,178.425971
/home/bl6/Mancini/Data/MCF-7 time course/20151026_E2_8hrs_Greb_EI_3_R3D_D3D_PRJ_w676.tif,480,3,433.336058,475.587138,93.648278,30.358296,2,2,439.700000,497.800000,23.106515,23.076575,43.654799
/home/bl6/Mancini/Data/MCF-7 time course/20151026_E2_8hrs_Greb_EI_3_R3D_D3D_PRJ_w676.tif,480,4,490.630443,325.491939,124.486947,4.886690,3,1,489.787879,330.878788,5.452344,29.512040,94.002993
/home/bl6/Mancini/Data/MCF-7 time course/20151026_E2_8hrs_Greb_EI_3_R3D_D3D_PRJ_w676.tif,480,4,490.630443,325.491939,124.486947,4.886690,3,2,491.812500,293.500000,32.013769,7.501910,267.229346
/home/bl6/Mancini/Data/MCF-7 time course/20151026_E2_8hrs_Greb_EI_3_R3D_D3D_PRJ_w676.tif,480,4,490.630443,325.491939,124.486947,4.886690,3,3,518.428571,296.714286,40.011114,5.152756,309.121419
/home/bl6/Mancini/Data/MCF-7 time course/20151026_E2_8hrs_Greb_EI_3_R3D_D3D_PRJ_w676.tif,480,5,487.235235,407.533763,97.005155,-0.209882,2,1,511.560000,427.420000,31.419048,7.110654,39.476927
/home/bl6/Mancini/Data/MCF-7 time course/20151026_E2_8hrs_Greb_EI_3_R3D_D3D_PRJ_w676.tif,480,5,487.235235,407.533763,97.005155,-0.209882,2,2,512.447761,387.373134,32.281921,9.879322,321.563090
/home/bl6/Mancini/Data/MCF-7 time course/20151026_E2_8hrs_Greb_EI_4_R3D_D3D_PRJ_w676.tif,480,1,395.489998,754.592878,82.006097,0.546048,3,1,365.380952,741.571429,32.804158,6.877800,202.841291
/home/bl6/Mancini/Data/MCF-7 time course/20151026_E2_8hrs_Greb_EI_4_R3D_D3D_PRJ_w676.tif,480,1,395.489998,754.592878,82.006097,0.546048,3,2,380.909091,780.000000,29.293766,4.421199,119.305058
/home/bl6/Mancini/Data/MCF-7 time course/20151026_E2_8hrs_Greb_EI_4_R3D_D3D_PRJ_w676.tif,480,1,395.489998,754.592878,82.006097,0.546048,3,3,398.000000,778.363636,23.902910,9.688100,83.426311
/home/bl6/Mancini/Data/MCF-7 time course/20151026_E2_8hrs_Greb_EI_4_R3D_D3D_PRJ_w676.tif,480,2,477.464106,747.251499,103.004854,53.831780,2,1,462.000000,706.892857,43.219886,5.284682,195.203028
/home/bl6/Mancini/Data/MCF-7 time course/20151026_E2_8hrs_Greb_EI_4_R3D_D3D_PRJ_w676.tif,480,2,477.464106,747.251499,103.004854,53.831780,2,2,503.033333,732.433333,29.552722,6.883932,276.074589
/home/bl6/Mancini/Data/MCF-7 time course/20151026_E2_8hrs_Greb_EI_4_R3D_D3D_PRJ_w676.tif,480,3,535.374333,351.254077,98.045908,88.204696,3,1,508.000000,369.812500,33.072181,10.921600,57.660005
/home/bl6/Mancini/Data/MCF-7 time course/20151026_E2_8hrs_Greb_EI_4_R3D_D3D_PRJ_w676.tif,480,3,535.374333,351.254077,98.045908,88.204696,3,2,548.687500,388.437500,39.494903,7.900868,342.095886
/home/bl6/Mancini/Data/MCF-7 time course/20151026_E2_8hrs_Greb_EI_4_R3D_D3D_PRJ_w676.tif,480,3,535.374333,351.254077,98.045908,88.204696,3,3,564.583333,321.861111,41.438052,3.733934,226.615440
/home/bl6/Mancini/Data/MCF-7 time course/20151026_E2_8hrs_Greb_EI_4_R3D_D3D_PRJ_w676.tif,480,4,633.954758,411.062079,103.247276,45.964479,2,1,637.923077,450.615385,39.751875,6.462269,38.306301
/home/bl6/Mancini/Data/MCF-7 time course/20151026_E2_8hrs_Greb_EI_4_R3D_D3D_PRJ_w676.tif,480,4,633.954758,411.062079,103.247276,45.964479,2,2,658.437500,394.375000,29.628757,9.276678,279.757750
/home/bl6/Mancini/Data/MCF-7 time course/20151026_E2_8hrs_Greb_EI_4_R3D_D3D_PRJ_w676.tif,480,5,835.461496,487.703544,97.637083,-32.991154,3,1,832.384615,510.615385,23.117518,20.522040,130.639766
/home/bl6/Mancini/Data/MCF-7 time course/20151026_E2_8hrs_Greb_EI_4_R3D_D3D_PRJ_w676.tif,480,5,835.461496,487.703544,97.637083,-32.991154,3,2,845.071429,447.214286,41.614070,7.465102,316.342979
/home/bl6/Mancini/Data/MCF-7 time course/20151026_E2_8hrs_Greb_EI_4_R3D_D3D_PRJ_w676.tif,480,5,835.461496,487.703544,97.637083,-32.991154,3,3,860.285714,450.190476,44.983020,3.607830,336.485695
/home/bl6/Mancini/Data/MCF-7 time course/20151026_E2_8hrs_Greb_EI_5_R3D_D3D_PRJ_w676.tif,480,1,286.967447,159.465129,114.424648,-81.140414,3,1,300.615385,173.615385,19.659500,30.957459,127.175644
/home/bl6/Mancini/Data/MCF-7 time course/20151026_E2_8hrs_Greb_EI_5_R3D_D3D_PRJ_w676.tif,480,1,286.967447,159.465129,114.424648,-81.140414,3,2,311.944444,201.611111,48.991164,7.564320,140.488135
/home/bl6/Mancini/Data/MCF-7 time course/20151026_E2_8hrs_Greb_EI_5_R3D_D3D_PRJ_w676.tif,480,1,286.967447,159.465129,114.424648,-81.140414,3,3,325.764706,148.823529,40.230225,8.426127,65.802127
/home/bl6/Mancini/Data/MCF-7 time course/20151026_E2_8hrs_Greb_EI_5_R3D_D3D_PRJ_w676.tif,480,2,363.092184,668.467348,111.251966,54.678770,2,1,333.125000,636.875000,43.544329,10.617481,171.833481
/home/bl6/Mancini/Data/MCF-7 time course/20151026_E2_8hrs_Greb_EI_5_R3D_D3D_PRJ_w676.tif,480,2,363.092184,668.467348,111.251966,54.678770,2,2,355.688525,623.213115,45.855859,5.256142,206.029868
/home/bl6/Mancini/Data/MCF-7 time course/20151026_E2_8hrs_Greb_EI_5_R3D_D3D_PRJ_w676.tif,480,4,449.133562,640.772958,109.986363,49.827169,2,1,407.809524,623.571429,44.761241,8.583137,152.772822
/home/bl6/Mancini/Data/MCF-7 time course/20151026_E2_8hrs_Greb_EI_5_R3D_D3D_PRJ_w676.tif,480,4,449.133562,640.772958,109.986363,49.827169,2,2,458.241379,684.689655,44.851183,7.515689,28.456435
/home/bl6/Mancini/Data/MCF-7 time course/20151026_E2_8hrs_Greb_EI_5_R3D_D3D_PRJ_w676.tif,480,5,498.931898,473.398719,103.019416,-89.519176,2,1,466.884615,467.884615,32.518205,9.077003,279.281981
/home/bl6/Mancini/Data/MCF-7 time course/20151026_E2_8hrs_Greb_EI_5_R3D_D3D_PRJ_w676.tif,480,5,498.931898,473.398719,103.019416,-89.519176,2,2,508.578947,469.052632,10.580834,26.805743,65.267158
/home/bl6/Mancini/Data/MCF-7 time course/20151026_E2_8hrs_Greb_EI_5_R3D_D3D_PRJ_w676.tif,480,6,560.777172,722.921207,108.337436,-24.216681,4,1,530.466667,741.533333,35.568778,18.133811,172.664730
/home/bl6/Mancini/Data/MCF-7 time course/20151026_E2_8hrs_Greb_EI_5_R3D_D3D_PRJ_w676.tif,480,6,560.777172,722.921207,108.337436,-24.216681,4,2,565.066667,703.600000,19.791635,24.109283,306.733881
/home/bl6/Mancini/Data/MCF-7 time course/20151026_E2_8hrs_Greb_EI_5_R3D_D3D_PRJ_w676.tif,480,6,560.777172,722.921207,108.337436,-24.216681,4,3,570.153846,757.692308,36.013212,4.380578,99.124805
/home/bl6/Mancini/Data/MCF-7 time course/20151026_E2_8hrs_Greb_EI_5_R3D_D3D_PRJ_w676.tif,480,6,560.777172,722.921207,108.337436,-24.216681,4,4,588.500000,685.666667,46.437657,2.233012,330.871323
/home/bl6/Mancini/Data/MCF-7 time course/20151026_E2_8hrs_Greb_EI_5_R3D_D3D_PRJ_w676.tif,480,7,591.813568,490.236552,126.372465,-77.083567,3,1,578.411765,494.235294,13.985645,30.689932,240.469862
/home/bl6/Mancini/Data/MCF-7 time course/20151026_E2_8hrs_Greb_EI_5_R3D_D3D_PRJ_w676.tif,480,7,591.813568,490.236552,126.372465,-77.083567,3,2,617.125000,447.187500,49.938858,8.160704,17.537700
/home/bl6/Mancini/Data/MCF-7 time course/20151026_E2_8hrs_Greb_EI_5_R3D_D3D_PRJ_w676.tif,480,7,591.813568,490.236552,126.372465,-77.083567,3,3,625.722222,504.055556,36.616413,4.695690,99.256240
/home/bl6/Mancini/Data/MCF-7 time course/20151026_E2_8hrs_Greb_EI_6_R3D_D3D_PRJ_w676.tif,480,1,328.216736,498.187493,119.100798,-66.568856,4,1,297.800000,503.300000,30.843404,18.002158,237.027649
/home/bl6/Mancini/Data/MCF-7 time course/20151026_E2_8hrs_Greb_EI_6_R3D_D3D_PRJ_w676.tif,480,1,328.216736,498.187493,119.100798,-66.568856,4,2,328.666667,533.666667,35.482026,22.335786,155.842296
/home/bl6/Mancini/Data/MCF-7 time course/20151026_E2_8hrs_Greb_EI_6_R3D_D3D_PRJ_w676.tif,480,1,328.216736,498.187493,119.100798,-66.568856,4,3,347.636364,515.090909,25.745823,21.475492,107.606128
/home/bl6/Mancini/Data/MCF-7 time course/20151026_E2_8hrs_Greb_EI_6_R3D_D3D_PRJ_w676.tif,480,1,328.216736,498.187493,119.100798,-66.568856,4,4,358.333333,457.666667,50.487095,7.332970,13.189971
/home/bl6/Mancini/Data/MCF-7 time course/20151026_E2_8hrs_Greb_EI_6_R3D_D3D_PRJ_w676.tif,480,2,535.481244,430.794014,113.780490,-76.916560,3,1,533.967742,481.129032,50.357768,5.867733,168.638844
/home/bl6/Mancini/Data/MCF-7 time course/20151026_E2_8hrs_Greb_EI_6_R3D_D3D_PRJ_w676.tif,480,2,535.481244,430.794014,113.780490,-76.916560,3,2,536.375000,397.687500,33.118576,22.696105,348.462963
/home/bl6/Mancini/Data/MCF-7 time course/20151026_E2_8hrs_Greb_EI_6_R3D_D3D_PRJ_w676.tif,480,2,535.481244,430.794014,113.780490,-76.916560,3,3,556.266667,452.200000,29.837058,15.225759,122.759223
/home/bl6/Mancini/Data/MCF-7 time course/20151026_E2_8hrs_Greb_EI_6_R3D_D3D_PRJ_w676.tif,480,3,552.194111,647.910142,115.381974,-26.828364,3,1,526.500000,654.700000,26.576108,30.388039,192.025902
/home/bl6/Mancini/Data/MCF-7 time course/20151026_E2_8hrs_Greb_EI_6_R3D_D3D_PRJ_w676.tif,480,3,552.194111,647.910142,115.381974,-26.828364,3,2,535.361111,611.361111,40.239055,9.420901,272.099485
/home/bl6/Mancini/Data/MCF-7 time course/20151026_E2_8hrs_Greb_EI_6_R3D_D3D_PRJ_w676.tif,480,3,552.194111,647.910142,115.381974,-26.828364,3,3,598.937500,624.250000,52.390330,5.533633,359.981160
/home/bl6/Mancini/Data/MCF-7 time course/20151026_E2_8hrs_Greb_EI_6_R3D_D3D_PRJ_w676.tif,480,4,604.882118,529.805598,100.019998,78.388413,3,1,579.375000,514.312500,29.843745,17.975343,132.886204
/home/bl6/Mancini/Data/MCF-7 time course/20151026_E2_8hrs_Greb_EI_6_R3D_D3D_PRJ_w676.tif,480,4,604.882118,529.805598,100.019998,78.388413,3,2,594.562500,542.375000,16.262976,29.265287,50.997959
/home/bl6/Mancini/Data/MCF-7 time course/20151026_E2_8hrs_Greb_EI_6_R3D_D3D_PRJ_w676.tif,480,4,604.882118,529.805598,100.019998,78.388413,3,3,607.303030,553.333333,23.651959,27.797624,5.736749
/home/bl6/Mancini/Data/MCF-7 time course/20151026_E2_8hrs_Greb_EI_6_R3D_D3D_PRJ_w676.tif,480,5,756.399651,573.370168,78.771822,-8.258044,2,1,742.750000,578.333333,14.523979,25.281877,168.276213
/home/bl6/Mancini/Data/MCF-7 time course/20151026_E2_8hrs_Greb_EI_6_R3D_D3D_PRJ_w676.tif,480,5,756.399651,573.370168,78.771822,-8.258044,2,2,763.318182,596.227273,23.881233,11.379694,81.417702
/home/bl6/Mancini/Data/MCF-7 time course/20151026_E2_8hrs_Greb_EI_6_R3D_D3D_PRJ_w676.tif,480,6,774.760477,327.895365,125.195847,31.073372,3,1,741.318182,337.363636,34.756802,9.683952,133.118609
/home/bl6/Mancini/Data/MCF-7 time course/20151026_E2_8hrs_Greb_EI_6_R3D_D3D_PRJ_w676.tif,480,6,774.760477,327.895365,125.195847,31.073372,3,2,747.400000,322.133333,27.960628,29.054550,160.819159
/home/bl6/Mancini/Data/MCF-7 time course/20151026_E2_8hrs_Greb_EI_6_R3D_D3D_PRJ_w676.tif,480,6,774.760477,327.895365,125.195847,31.073372,3,3,781.172414,363.482759,36.160414,5.576880,48.712977
/home/bl6/Mancini/Data/MCF-7 time course/20151026_E2_8hrs_Greb_EI_6_R3D_D3D_PRJ_w676.tif,480,7,821.599546,251.019393,93.300589,-17.366246,1,1,848.636364,266.000000,30.909676,4.788076,46.356281
/home/bl6/Mancini/Data/MCF-7 time course/20151026_Vehicle_Greb_EI_1_R3D_D3D_PRJ_w676.tif,0,1,272.640043,305.600402,134.528807,32.783576,1,1,227.333333,302.466667,45.414956,7.348071,151.173107
/home/bl6/Mancini/Data/MCF-7 time course/20151026_Vehicle_Greb_EI_2_R3D_D3D_PRJ_w676.tif,0,2,393.446083,319.714545,126.605687,13.507680,1,1,353.470588,302.470588,43.536126,18.083425,189.825909
/home/bl6/Mancini/Data/MCF-7 time course/20151026_Vehicle_Greb_EI_2_R3D_D3D_PRJ_w676.tif,0,4,653.967456,340.378075,102.727796,-31.254236,3,1,612.920000,345.080000,41.315877,5.986849,204.719572
/home/bl6/Mancini/Data/MCF-7 time course/20151026_Vehicle_Greb_EI_2_R3D_D3D_PRJ_w676.tif,0,4,653.967456,340.378075,102.727796,-31.254236,3,2,628.789474,370.421053,39.198358,12.345313,161.219447
/home/bl6/Mancini/Data/MCF-7 time course/20151026_Vehicle_Greb_EI_2_R3D_D3D_PRJ_w676.tif,0,4,653.967456,340.378075,102.727796,-31.254236,3,3,671.461538,354.153846,22.266899,14.538537,69.473011
/home/bl6/Mancini/Data/MCF-7 time course/20151026_Vehicle_Greb_EI_3_R3D_D3D_PRJ_w676.tif,0,1,225.526359,608.105435,106.705201,-80.193796,1,1,255.214286,635.571429,40.444454,0.868372,122.967469
/home/bl6/Mancini/Data/MCF-7 time course/20151026_Vehicle_Greb_EI_4_R3D_D3D_PRJ_w676.tif,0,1,83.858572,538.858957,87.235314,61.876937,1,1,67.181818,555.272727,23.399273,12.666470,73.578406
/home/bl6/Mancini/Data/MCF-7 time course/20151026_Vehicle_Greb_EI_4_R3D_D3D_PRJ_w676.tif,0,2,180.874765,436.825989,88.459030,-42.922389,1,1,156.000000,445.500000,26.343735,16.918823,203.698354
/home/bl6/Mancini/Data/MCF-7 time course/20151026_Vehicle_Greb_EI_4_R3D_D3D_PRJ_w676.tif,0,3,242.556554,583.689434,116.211015,86.183422,2,1,259.533333,550.333333,37.427803,13.925089,210.790658
/home/bl6/Mancini/Data/MCF-7 time course/20151026_Vehicle_Greb_EI_4_R3D_D3D_PRJ_w676.tif,0,3,242.556554,583.689434,116.211015,86.183422,2,2,261.500000,537.000000,50.386083,2.042044,205.900598
/home/bl6/Mancini/Data/MCF-7 time course/20151026_Vehicle_Greb_EI_4_R3D_D3D_PRJ_w676.tif,0,6,466.794126,351.435673,118.701306,-60.179670,1,1,463.909091,308.727273,42.805735,12.759626,326.315101
/home/bl6/Mancini/Data/MCF-7 time course/20151026_Vehicle_Greb_EI_5_R3D_D3D_PRJ_w676.tif,0,3,378.424601,581.783560,98.838252,62.689180,1,1,395.700000,544.300000,41.272953,7.104181,232.054821
/home/bl6/Mancini/Data/MCF-7 time course/20151026_Vehicle_Greb_EI_6_R3D_D3D_PRJ_w676.tif,0,3,530.618123,814.380834,102.176318,40.549732,1,1,562.500000,842.090909,42.241003,7.371644,0.445745
/home/bl6/Mancini/Data/MCF-7 time course/20151026_Vehicle_Greb_EI_6_R3D_D3D_PRJ_w676.tif,0,4,646.787085,582.485416,93.536089,84.030239,1,1,644.500000,599.166667,16.837307,31.159571,13.776631
/home/bl6/Mancini/Data/MCF-7 time course/20151026_Vehicle_Greb_EI_6_R3D_D3D_PRJ_w676.tif,0,5,768.376193,738.473957,107.074740,-34.362999,1,1,783.117647,743.058824,15.437988,31.190737,51.639665
/home/bl6/Mancini/Data/MCF-7 time course/20151026_Vehicle_Greb_EI_6_R3D_D3D_PRJ_w676.tif,0,6,861.652129,685.449696,91.831367,51.516072,1,1,877.285714,673.357143,19.764586,18.587488,270.762035
